// Generated by tools/genfont.py -- do not edit by hand.
// Source: DejaVuSans-Bold.ttf @ 58px (DejaVu / Bitstream Vera license)
#pragma once

#include "../font.h"

static const uint8_t FontBigBitmaps[] TI_PROGMEM = {
    0x00, 0xFF, 0xC0, 0x00, 0x3F, 0xF0, 0x00, 0x0F, 0xFC, 0x00, 0x03, 0xFF, 0x00, 0x00, 0xFF, 0xC0,
    0x00, 0x3F, 0xF0, 0x00, 0x0F, 0xFC, 0x00, 0x03, 0xFF, 0x00, 0x00, 0xFF, 0xC0, 0x00, 0x3F, 0xF0,
    0x00, 0x0F, 0xFC, 0x00, 0x03, 0xFF, 0x00, 0x00, 0xFF, 0xC0, 0x00, 0x3F, 0xF0, 0x00, 0x0F, 0xFC,
    0x00, 0x03, 0xFF, 0x00, 0x00, 0xFF, 0xC0, 0x00, 0x3F, 0xF0, 0x00, 0x0F, 0xFC, 0x00, 0x03, 0xFF,
    0x00, 0x00, 0x7F, 0x80, 0x00, 0x1F, 0xE0, 0x00, 0x07, 0xF8, 0x00, 0x01, 0xFE, 0x00, 0x00, 0x7F,
    0x80, 0x00, 0x1F, 0xE0, 0x00, 0x07, 0xF8, 0x00, 0x01, 0xFE, 0x00, 0x00, 0x00, 0x00, 0x00, 0x00,
    0x00, 0x00, 0x00, 0x00, 0x00, 0x00, 0x00, 0x00, 0x00, 0xFF, 0xC0, 0x00, 0x3F, 0xF0, 0x00, 0x0F,
    0xFC, 0x00, 0x03, 0xFF, 0x00, 0x00, 0xFF, 0xC0, 0x00, 0x3F, 0xF0, 0x00, 0x0F, 0xFC, 0x00, 0x03,
    0xFF, 0x00, 0x00, 0xFF, 0xC0, 0x00, 0x3F, 0xF0, 0x00, 0x07, 0xF0, 0x3F, 0x80, 0x1F, 0xC0, 0xFE,
    0x00, 0x7F, 0x03, 0xF8, 0x01, 0xFC, 0x0F, 0xE0, 0x07, 0xF0, 0x3F, 0x80, 0x1F, 0xC0, 0xFE, 0x00,
    0x7F, 0x03, 0xF8, 0x01, 0xFC, 0x0F, 0xE0, 0x07, 0xF0, 0x3F, 0x80, 0x1F, 0xC0, 0xFE, 0x00, 0x7F,
    0x03, 0xF8, 0x01, 0xFC, 0x0F, 0xE0, 0x07, 0xF0, 0x3F, 0x80, 0x1F, 0xC0, 0xFE, 0x00, 0x7F, 0x03,
    0xF8, 0x01, 0xFC, 0x0F, 0xE0, 0x00, 0x00, 0x00, 0x00, 0x00, 0x00, 0x00, 0x00, 0x00, 0x00, 0x00,
    0x00, 0x00, 0x00, 0x00, 0x00, 0x00, 0x00, 0x00, 0x00, 0x00, 0x00, 0x00, 0x00, 0x00, 0x00, 0x00,
    0x00, 0x00, 0x00, 0x00, 0x00, 0x00, 0x00, 0x00, 0x00, 0x00, 0x00, 0x00, 0x00, 0x00, 0x00, 0x00,
    0x00, 0x00, 0x00, 0x00, 0x00, 0x00, 0x00, 0x00, 0x00, 0x00, 0x00, 0x00, 0x00, 0x00, 0x00, 0x00,
    0x00, 0x00, 0x00, 0x00, 0x00, 0x00, 0x00, 0x00, 0x00, 0x00, 0x00, 0x00, 0x00, 0x00, 0x00, 0x00,
    0x00, 0x00, 0x00, 0x00, 0x00, 0x00, 0x00, 0x00, 0x00, 0x00, 0x00, 0x00, 0x00, 0x00, 0x00, 0x00,
    0x00, 0x00, 0x00, 0x00, 0x00, 0x00, 0x00, 0x00, 0x00, 0x0F, 0xC0, 0x7F, 0x00, 0x00, 0x00, 0x0F,
    0xE0, 0x3F, 0x80, 0x00, 0x00, 0x07, 0xE0, 0x1F, 0x80, 0x00, 0x00, 0x03, 0xF0, 0x0F, 0xC0, 0x00,
    0x00, 0x01, 0xF8, 0x0F, 0xE0, 0x00, 0x00, 0x01, 0xFC, 0x07, 0xF0, 0x00, 0x00, 0x00, 0xFC, 0x03,
    0xF0, 0x00, 0x00, 0x00, 0x7E, 0x01, 0xF8, 0x00, 0x00, 0x00, 0x3F, 0x01, 0xFC, 0x00, 0x00, 0x00,
    0x3F, 0x80, 0xFE, 0x00, 0x00, 0x00, 0x1F, 0x80, 0x7E, 0x00, 0x00, 0x3F, 0xFF, 0xFF, 0xFF, 0xFF,
    0x00, 0x1F, 0xFF, 0xFF, 0xFF, 0xFF, 0x80, 0x0F, 0xFF, 0xFF, 0xFF, 0xFF, 0xC0, 0x07, 0xFF, 0xFF,
    0xFF, 0xFF, 0xE0, 0x03, 0xFF, 0xFF, 0xFF, 0xFF, 0xF0, 0x01, 0xFF, 0xFF, 0xFF, 0xFF, 0xF8, 0x00,
    0x00, 0xFE, 0x03, 0xF0, 0x00, 0x00, 0x00, 0x7E, 0x01, 0xF8, 0x00, 0x00, 0x00, 0x3F, 0x00, 0xFC,
    0x00, 0x00, 0x00, 0x3F, 0x80, 0xFE, 0x00, 0x00, 0x00, 0x1F, 0xC0, 0x7F, 0x00, 0x00, 0x00, 0x0F,
    0xC0, 0x3F, 0x00, 0x00, 0x00, 0x07, 0xE0, 0x1F, 0x80, 0x00, 0x00, 0x07, 0xF0, 0x1F, 0xC0, 0x00,
    0x07, 0xFF, 0xFF, 0xFF, 0xFF, 0xE0, 0x03, 0xFF, 0xFF, 0xFF, 0xFF, 0xF0, 0x01, 0xFF, 0xFF, 0xFF,
    0xFF, 0xF8, 0x00, 0xFF, 0xFF, 0xFF, 0xFF, 0xFC, 0x00, 0x7F, 0xFF, 0xFF, 0xFF, 0xFE, 0x00, 0x3F,
    0xFF, 0xFF, 0xFF, 0xFF, 0x00, 0x00, 0x1F, 0x80, 0x7E, 0x00, 0x00, 0x00, 0x0F, 0xC0, 0x7F, 0x00,
    0x00, 0x00, 0x0F, 0xE0, 0x3F, 0x80, 0x00, 0x00, 0x07, 0xE0, 0x1F, 0x80, 0x00, 0x00, 0x03, 0xF0,
    0x0F, 0xC0, 0x00, 0x00, 0x01, 0xF8, 0x0F, 0xE0, 0x00, 0x00, 0x01, 0xFC, 0x07, 0xF0, 0x00, 0x00,
    0x00, 0xFC, 0x03, 0xF0, 0x00, 0x00, 0x00, 0x7E, 0x01, 0xF8, 0x00, 0x00, 0x00, 0x3F, 0x01, 0xFC,
    0x00, 0x00, 0x00, 0x3F, 0x80, 0xFE, 0x00, 0x00, 0x00, 0x00, 0x00, 0x7C, 0x00, 0x00, 0x00, 0x00,
    0x7C, 0x00, 0x00, 0x00, 0x00, 0x7C, 0x00, 0x00, 0x00, 0x00, 0x7C, 0x00, 0x00, 0x00, 0x00, 0x7C,
    0x00, 0x00, 0x00, 0x00, 0x7C, 0x00, 0x00, 0x00, 0x03, 0xFF, 0xC0, 0x00, 0x00, 0x3F, 0xFF, 0xFE,
    0x00, 0x00, 0xFF, 0xFF, 0xFF, 0x80, 0x01, 0xFF, 0xFF, 0xFF, 0x80, 0x03, 0xFF, 0xFF, 0xFF, 0x80,
    0x03, 0xFF, 0xFF, 0xFF, 0x80, 0x07, 0xFE, 0x7C, 0x3F, 0x80, 0x07, 0xFC, 0x7C, 0x07, 0x80, 0x0F,
    0xF8, 0x7C, 0x00, 0x80, 0x0F, 0xF8, 0x7C, 0x00, 0x00, 0x0F, 0xF8, 0x7C, 0x00, 0x00, 0x0F, 0xF8,
    0x7C, 0x00, 0x00, 0x0F, 0xFC, 0x7C, 0x00, 0x00, 0x0F, 0xFE, 0x7C, 0x00, 0x00, 0x0F, 0xFF, 0xFC,
    0x00, 0x00, 0x0F, 0xFF, 0xFF, 0x80, 0x00, 0x07, 0xFF, 0xFF, 0xF8, 0x00, 0x07, 0xFF, 0xFF, 0xFE,
    0x00, 0x03, 0xFF, 0xFF, 0xFF, 0x80, 0x01, 0xFF, 0xFF, 0xFF, 0xC0, 0x00, 0xFF, 0xFF, 0xFF, 0xC0,
    0x00, 0x3F, 0xFF, 0xFF, 0xE0, 0x00, 0x07, 0xFF, 0xFF, 0xE0, 0x00, 0x00, 0x7F, 0xFF, 0xF0, 0x00,
    0x00, 0x7C, 0xFF, 0xF0, 0x00, 0x00, 0x7C, 0x3F, 0xF0, 0x00, 0x00, 0x7C, 0x1F, 0xF0, 0x00, 0x00,
    0x7C, 0x1F, 0xF0, 0x00, 0x00, 0x7C, 0x1F, 0xF0, 0x08, 0x00, 0x7C, 0x1F, 0xF0, 0x0F, 0x00, 0x7C,
    0x3F, 0xE0, 0x0F, 0xF0, 0x7C, 0x7F, 0xE0, 0x0F, 0xFF, 0xFF, 0xFF, 0xE0, 0x0F, 0xFF, 0xFF, 0xFF,
    0xC0, 0x0F, 0xFF, 0xFF, 0xFF, 0x80, 0x0F, 0xFF, 0xFF, 0xFE, 0x00, 0x03, 0xFF, 0xFF, 0xF8, 0x00,
    0x00, 0x1F, 0xFF, 0xC0, 0x00, 0x00, 0x00, 0x7C, 0x00, 0x00, 0x00, 0x00, 0x7C, 0x00, 0x00, 0x00,
    0x00, 0x7C, 0x00, 0x00, 0x00, 0x00, 0x7C, 0x00, 0x00, 0x00, 0x00, 0x7C, 0x00, 0x00, 0x00, 0x00,
    0x7C, 0x00, 0x00, 0x00, 0x00, 0x7C, 0x00, 0x00, 0x00, 0x00, 0x7C, 0x00, 0x00, 0x00, 0x00, 0x7C,
    0x00, 0x00, 0x00, 0x3F, 0xC0, 0x00, 0x01, 0xF8, 0x00, 0x00, 0x7F, 0xFC, 0x00, 0x00, 0xFC, 0x00,
    0x00, 0x3F, 0xFF, 0x80, 0x00, 0x7F, 0x00, 0x00, 0x1F, 0xFF, 0xF0, 0x00, 0x1F, 0x80, 0x00, 0x0F,
    0xFF, 0xFE, 0x00, 0x0F, 0xC0, 0x00, 0x07, 0xF8, 0x3F, 0xC0, 0x03, 0xF0, 0x00, 0x01, 0xFC, 0x07,
    0xF0, 0x01, 0xF8, 0x00, 0x00, 0xFF, 0x01, 0xFC, 0x00, 0xFE, 0x00, 0x00, 0x3F, 0x80, 0x3F, 0x80,
    0x3F, 0x00, 0x00, 0x0F, 0xE0, 0x0F, 0xE0, 0x1F, 0x80, 0x00, 0x03, 0xF8, 0x03, 0xF8, 0x07, 0xE0,
    0x00, 0x00, 0xFE, 0x00, 0xFE, 0x03, 0xF0, 0x00, 0x00, 0x3F, 0x80, 0x3F, 0x80, 0xFC, 0x00, 0x00,
    0x0F, 0xE0, 0x0F, 0xE0, 0x7E, 0x00, 0x00, 0x03, 0xF8, 0x03, 0xF8, 0x3F, 0x80, 0x00, 0x00, 0xFF,
    0x01, 0xFC, 0x0F, 0xC0, 0x00, 0x00, 0x1F, 0xC0, 0x7F, 0x07, 0xE0, 0x00, 0x00, 0x07, 0xFC, 0x3F,
    0xC1, 0xF8, 0x00, 0x00, 0x00, 0xFF, 0xFF, 0xE0, 0xFC, 0x00, 0x00, 0x00, 0x1F, 0xFF, 0xF0, 0x7F,
    0x00, 0x00, 0x00, 0x03, 0xFF, 0xF8, 0x1F, 0x80, 0x00, 0x00, 0x00, 0x7F, 0xFC, 0x0F, 0xC0, 0x1F,
    0xE0, 0x00, 0x07, 0xF8, 0x03, 0xF0, 0x3F, 0xFE, 0x00, 0x00, 0x00, 0x01, 0xF8, 0x1F, 0xFF, 0xC0,
    0x00, 0x00, 0x00, 0xFE, 0x0F, 0xFF, 0xF8, 0x00, 0x00, 0x00, 0x3F, 0x07, 0xFF, 0xFF, 0x00, 0x00,
    0x00, 0x1F, 0x83, 0xFE, 0x1F, 0xE0, 0x00, 0x00, 0x07, 0xE0, 0xFE, 0x03, 0xF8, 0x00, 0x00, 0x03,
    0xF0, 0x7F, 0x80, 0xFE, 0x00, 0x00, 0x00, 0xFC, 0x1F, 0xC0, 0x1F, 0xC0, 0x00, 0x00, 0x7E, 0x07,
    0xF0, 0x07, 0xF0, 0x00, 0x00, 0x3F, 0x81, 0xFC, 0x01, 0xFC, 0x00, 0x00, 0x0F, 0xC0, 0x7F, 0x00,
    0x7F, 0x00, 0x00, 0x07, 0xE0, 0x1F, 0xC0, 0x1F, 0xC0, 0x00, 0x01, 0xF8, 0x07, 0xF0, 0x07, 0xF0,
    0x00, 0x00, 0xFC, 0x01, 0xFC, 0x01, 0xFC, 0x00, 0x00, 0x7F, 0x00, 0x7F, 0x80, 0xFE, 0x00, 0x00,
    0x1F, 0x80, 0x0F, 0xE0, 0x3F, 0x80, 0x00, 0x0F, 0xC0, 0x03, 0xFC, 0x1F, 0xE0, 0x00, 0x03, 0xF0,
    0x00, 0x7F, 0xFF, 0xF0, 0x00, 0x01, 0xF8, 0x00, 0x0F, 0xFF, 0xF8, 0x00, 0x00, 0xFE, 0x00, 0x01,
    0xFF, 0xFC, 0x00, 0x00, 0x3F, 0x00, 0x00, 0x3F, 0xFE, 0x00, 0x00, 0x1F, 0x80, 0x00, 0x03, 0xFC,
    0x00, 0x00, 0x00, 0x7F, 0xE0, 0x00, 0x00, 0x00, 0x00, 0x3F, 0xFF, 0xC0, 0x00, 0x00, 0x00, 0x1F,
    0xFF, 0xFE, 0x00, 0x00, 0x00, 0x07, 0xFF, 0xFF, 0xC0, 0x00, 0x00, 0x01, 0xFF, 0xFF, 0xF8, 0x00,
    0x00, 0x00, 0x7F, 0xFF, 0xFF, 0x00, 0x00, 0x00, 0x0F, 0xFF, 0xFF, 0xE0, 0x00, 0x00, 0x03, 0xFF,
    0xC0, 0xFC, 0x00, 0x00, 0x00, 0x7F, 0xF0, 0x03, 0x80, 0x00, 0x00, 0x0F, 0xFC, 0x00, 0x10, 0x00,
    0x00, 0x01, 0xFF, 0x80, 0x00, 0x00, 0x00, 0x00, 0x3F, 0xF0, 0x00, 0x00, 0x00, 0x00, 0x07, 0xFF,
    0x00, 0x00, 0x00, 0x00, 0x00, 0x7F, 0xE0, 0x00, 0x00, 0x00, 0x00, 0x0F, 0xFE, 0x00, 0x00, 0x00,
    0x00, 0x00, 0xFF, 0xE0, 0x00, 0x00, 0x00, 0x00, 0x0F, 0xFE, 0x00, 0x00, 0x00, 0x00, 0x07, 0xFF,
    0xE0, 0x00, 0x00, 0x00, 0x01, 0xFF, 0xFE, 0x00, 0x1F, 0xF0, 0x00, 0x7F, 0xFF, 0xC0, 0x03, 0xFE,
    0x00, 0x1F, 0xFF, 0xFC, 0x00, 0x7F, 0xC0, 0x07, 0xFF, 0xFF, 0xC0, 0x0F, 0xF8, 0x01, 0xFF, 0xFF,
    0xFC, 0x03, 0xFE, 0x00, 0x3F, 0xF3, 0xFF, 0xC0, 0x7F, 0xC0, 0x0F, 0xFC, 0x3F, 0xFC, 0x1F, 0xF8,
    0x01, 0xFF, 0x83, 0xFF, 0xC3, 0xFF, 0x00, 0x7F, 0xE0, 0x3F, 0xFC, 0xFF, 0xC0, 0x0F, 0xFC, 0x03,
    0xFF, 0xDF, 0xF8, 0x01, 0xFF, 0x80, 0x3F, 0xFF, 0xFE, 0x00, 0x3F, 0xF0, 0x03, 0xFF, 0xFF, 0xC0,
    0x07, 0xFE, 0x00, 0x7F, 0xFF, 0xF0, 0x00, 0xFF, 0xC0, 0x07, 0xFF, 0xFE, 0x00, 0x1F, 0xFC, 0x00,
    0x7F, 0xFF, 0x80, 0x03, 0xFF, 0x80, 0x07, 0xFF, 0xE0, 0x00, 0x3F, 0xF8, 0x00, 0x7F, 0xFC, 0x00,
    0x07, 0xFF, 0x80, 0x1F, 0xFF, 0xC0, 0x00, 0x7F, 0xFC, 0x0F, 0xFF, 0xFC, 0x00, 0x0F, 0xFF, 0xFF,
    0xFF, 0xFF, 0xC0, 0x00, 0xFF, 0xFF, 0xFF, 0xFF, 0xFC, 0x00, 0x0F, 0xFF, 0xFF, 0xFF, 0xFF, 0xC0,
    0x00, 0xFF, 0xFF, 0xFF, 0x7F, 0xFC, 0x00, 0x0F, 0xFF, 0xFF, 0x87, 0xFF, 0xC0, 0x00, 0x7F, 0xFF,
    0xC0, 0x7F, 0xFC, 0x00, 0x01, 0xFF, 0x80, 0x00, 0x00, 0x00, 0x07, 0xF0, 0x01, 0xFC, 0x00, 0x7F,
    0x00, 0x1F, 0xC0, 0x07, 0xF0, 0x01, 0xFC, 0x00, 0x7F, 0x00, 0x1F, 0xC0, 0x07, 0xF0, 0x01, 0xFC,
    0x00, 0x7F, 0x00, 0x1F, 0xC0, 0x07, 0xF0, 0x01, 0xFC, 0x00, 0x7F, 0x00, 0x1F, 0xC0, 0x00, 0x00,
    0x00, 0x00, 0x00, 0x00, 0x00, 0x00, 0x00, 0x00, 0x00, 0x00, 0x00, 0x00, 0x00, 0x00, 0x00, 0x00,
    0x00, 0x00, 0x00, 0x00, 0x00, 0x00, 0x00, 0x00, 0x00, 0x00, 0x00, 0x00, 0x00, 0x00, 0x00, 0x00,
    0x00, 0x00, 0x00, 0x00, 0x00, 0x00, 0x00, 0x00, 0x00, 0x00, 0x00, 0x00, 0x00, 0x00, 0x00, 0x00,
    0x00, 0x00, 0x00, 0x00, 0x00, 0x00, 0x00, 0x00, 0x00, 0x00, 0x07, 0xFC, 0x00, 0x00, 0xFF, 0x00,
    0x00, 0x3F, 0xE0, 0x00, 0x07, 0xF8, 0x00, 0x01, 0xFF, 0x00, 0x00, 0x3F, 0xC0, 0x00, 0x0F, 0xF8,
    0x00, 0x01, 0xFF, 0x00, 0x00, 0x7F, 0xC0, 0x00, 0x0F, 0xF8, 0x00, 0x03, 0xFF, 0x00, 0x00, 0x7F,
    0xC0, 0x00, 0x1F, 0xF8, 0x00, 0x03, 0xFF, 0x00, 0x00, 0x7F, 0xC0, 0x00, 0x1F, 0xF8, 0x00, 0x03,
    0xFF, 0x00, 0x00, 0x7F, 0xE0, 0x00, 0x0F, 0xFC, 0x00, 0x01, 0xFF, 0x00, 0x00, 0x7F, 0xE0, 0x00,
    0x0F, 0xFC, 0x00, 0x01, 0xFF, 0x80, 0x00, 0x3F, 0xF0, 0x00, 0x07, 0xFE, 0x00, 0x00, 0xFF, 0xC0,
    0x00, 0x1F, 0xF8, 0x00, 0x03, 0xFF, 0x00, 0x00, 0x7F, 0xE0, 0x00, 0x0F, 0xFC, 0x00, 0x01, 0xFF,
    0x80, 0x00, 0x3F, 0xF0, 0x00, 0x03, 0xFE, 0x00, 0x00, 0x7F, 0xE0, 0x00, 0x0F, 0xFC, 0x00, 0x01,
    0xFF, 0x80, 0x00, 0x3F, 0xF0, 0x00, 0x03, 0xFE, 0x00, 0x00, 0x7F, 0xE0, 0x00, 0x0F, 0xFC, 0x00,
    0x00, 0xFF, 0x80, 0x00, 0x1F, 0xF8, 0x00, 0x01, 0xFF, 0x00, 0x00, 0x3F, 0xE0, 0x00, 0x03, 0xFE,
    0x00, 0x00, 0x7F, 0xC0, 0x00, 0x07, 0xF8, 0x00, 0x00, 0xFF, 0x80, 0x00, 0x0F, 0xF0, 0x00, 0x01,
    0xFF, 0x00, 0x00, 0x1F, 0xE0, 0x00, 0x03, 0xFE, 0x00, 0x07, 0xFC, 0x00, 0x00, 0x7F, 0x80, 0x00,
    0x0F, 0xF8, 0x00, 0x00, 0xFF, 0x00, 0x00, 0x1F, 0xF0, 0x00, 0x01, 0xFE, 0x00, 0x00, 0x3F, 0xE0,
    0x00, 0x07, 0xFC, 0x00, 0x00, 0x7F, 0xC0, 0x00, 0x0F, 0xF8, 0x00, 0x01, 0xFF, 0x80, 0x00, 0x1F,
    0xF0, 0x00, 0x03, 0xFF, 0x00, 0x00, 0x7F, 0xE0, 0x00, 0x07, 0xFC, 0x00, 0x00, 0xFF, 0x80, 0x00,
    0x1F, 0xF8, 0x00, 0x03, 0xFF, 0x00, 0x00, 0x7F, 0xE0, 0x00, 0x07, 0xFC, 0x00, 0x00, 0xFF, 0xC0,
    0x00, 0x1F, 0xF8, 0x00, 0x03, 0xFF, 0x00, 0x00, 0x7F, 0xE0, 0x00, 0x0F, 0xFC, 0x00, 0x01, 0xFF,
    0x80, 0x00, 0x3F, 0xF0, 0x00, 0x07, 0xFE, 0x00, 0x00, 0xFF, 0xC0, 0x00, 0x1F, 0xF8, 0x00, 0x03,
    0xFF, 0x00, 0x00, 0x7F, 0xE0, 0x00, 0x0F, 0xF8, 0x00, 0x03, 0xFF, 0x00, 0x00, 0x7F, 0xE0, 0x00,
    0x0F, 0xFC, 0x00, 0x01, 0xFF, 0x00, 0x00, 0x3F, 0xE0, 0x00, 0x0F, 0xFC, 0x00, 0x01, 0xFF, 0x80,
    0x00, 0x3F, 0xE0, 0x00, 0x0F, 0xFC, 0x00, 0x01, 0xFF, 0x00, 0x00, 0x3F, 0xE0, 0x00, 0x0F, 0xF8,
    0x00, 0x01, 0xFF, 0x00, 0x00, 0x3F, 0xC0, 0x00, 0x0F, 0xF8, 0x00, 0x01, 0xFE, 0x00, 0x00, 0x7F,
    0xC0, 0x00, 0x0F, 0xF0, 0x00, 0x03, 0xFC, 0x00, 0x00, 0x00, 0x07, 0xC0, 0x00, 0x00, 0x1F, 0x00,
    0x00, 0x00, 0x7C, 0x00, 0x00, 0x01, 0xF0, 0x00, 0x00, 0x07, 0xC0, 0x00, 0x40, 0x1F, 0x00, 0x43,
    0xC0, 0x7C, 0x07, 0x8F, 0xC1, 0xF0, 0x7E, 0x7F, 0xC7, 0xC7, 0xFC, 0xFF, 0xDF, 0x7F, 0xE0, 0x7F,
    0xFF, 0xFE, 0x00, 0x7F, 0xFF, 0xC0, 0x00, 0x7F, 0xFC, 0x00, 0x00, 0x7F, 0xC0, 0x00, 0x07, 0xFF,
    0xC0, 0x00, 0x7F, 0xFF, 0xC0, 0x0F, 0xFF, 0xFF, 0xE0, 0xFF, 0xDF, 0x7F, 0xE7, 0xFC, 0x7C, 0x7F,
    0xCF, 0xC1, 0xF0, 0x7E, 0x3C, 0x07, 0xC0, 0x78, 0x40, 0x1F, 0x00, 0x40, 0x00, 0x7C, 0x00, 0x00,
    0x01, 0xF0, 0x00, 0x00, 0x07, 0xC0, 0x00, 0x00, 0x1F, 0x00, 0x00, 0x00, 0x7C, 0x00, 0x00, 0x00,
    0x00, 0x00, 0x00, 0x00, 0x00, 0x00, 0x00, 0x00, 0x00, 0x00, 0x00, 0x00, 0x00, 0x00, 0x00, 0x00,
    0x00, 0x00, 0x00, 0x00, 0x00, 0x00, 0x00, 0x00, 0x00, 0x00, 0x00, 0x00, 0x00, 0x00, 0x00, 0x00,
    0x00, 0x00, 0x00, 0x00, 0x00, 0x00, 0x00, 0x00, 0x00, 0x00, 0x00, 0x00, 0x00, 0x00, 0x00, 0x00,
    0x00, 0x00, 0x00, 0x00, 0x00, 0x00, 0x00, 0x00, 0x00, 0x00, 0x00, 0x00, 0x00, 0x07, 0xF0, 0x00,
    0x00, 0x00, 0x00, 0x03, 0xF8, 0x00, 0x00, 0x00, 0x00, 0x01, 0xFC, 0x00, 0x00, 0x00, 0x00, 0x00,
    0xFE, 0x00, 0x00, 0x00, 0x00, 0x00, 0x7F, 0x00, 0x00, 0x00, 0x00, 0x00, 0x3F, 0x80, 0x00, 0x00,
    0x00, 0x00, 0x1F, 0xC0, 0x00, 0x00, 0x00, 0x00, 0x0F, 0xE0, 0x00, 0x00, 0x00, 0x00, 0x07, 0xF0,
    0x00, 0x00, 0x00, 0x00, 0x03, 0xF8, 0x00, 0x00, 0x00, 0x00, 0x01, 0xFC, 0x00, 0x00, 0x00, 0x00,
    0x00, 0xFE, 0x00, 0x00, 0x00, 0x00, 0x00, 0x7F, 0x00, 0x00, 0x00, 0x00, 0x00, 0x3F, 0x80, 0x00,
    0x00, 0x00, 0x00, 0x1F, 0xC0, 0x00, 0x00, 0x07, 0xFF, 0xFF, 0xFF, 0xFF, 0xC0, 0x03, 0xFF, 0xFF,
    0xFF, 0xFF, 0xE0, 0x01, 0xFF, 0xFF, 0xFF, 0xFF, 0xF0, 0x00, 0xFF, 0xFF, 0xFF, 0xFF, 0xF8, 0x00,
    0x7F, 0xFF, 0xFF, 0xFF, 0xFC, 0x00, 0x3F, 0xFF, 0xFF, 0xFF, 0xFE, 0x00, 0x1F, 0xFF, 0xFF, 0xFF,
    0xFF, 0x00, 0x00, 0x00, 0x1F, 0xC0, 0x00, 0x00, 0x00, 0x00, 0x0F, 0xE0, 0x00, 0x00, 0x00, 0x00,
    0x07, 0xF0, 0x00, 0x00, 0x00, 0x00, 0x03, 0xF8, 0x00, 0x00, 0x00, 0x00, 0x01, 0xFC, 0x00, 0x00,
    0x00, 0x00, 0x00, 0xFE, 0x00, 0x00, 0x00, 0x00, 0x00, 0x7F, 0x00, 0x00, 0x00, 0x00, 0x00, 0x3F,
    0x80, 0x00, 0x00, 0x00, 0x00, 0x1F, 0xC0, 0x00, 0x00, 0x00, 0x00, 0x0F, 0xE0, 0x00, 0x00, 0x00,
    0x00, 0x07, 0xF0, 0x00, 0x00, 0x00, 0x00, 0x03, 0xF8, 0x00, 0x00, 0x00, 0x00, 0x01, 0xFC, 0x00,
    0x00, 0x00, 0x00, 0x00, 0xFE, 0x00, 0x00, 0x00, 0x00, 0x00, 0x7F, 0x00, 0x00, 0x00, 0x03, 0xFF,
    0x00, 0x0F, 0xFC, 0x00, 0x3F, 0xF0, 0x00, 0xFF, 0xC0, 0x03, 0xFF, 0x00, 0x0F, 0xFC, 0x00, 0x3F,
    0xF0, 0x00, 0xFF, 0xC0, 0x03, 0xFF, 0x00, 0x0F, 0xF8, 0x00, 0x7F, 0xE0, 0x01, 0xFF, 0x00, 0x07,
    0xF8, 0x00, 0x1F, 0xE0, 0x00, 0xFF, 0x00, 0x03, 0xF8, 0x00, 0x0F, 0xE0, 0x00, 0x7F, 0x00, 0x01,
    0xF8, 0x00, 0x00, 0x1F, 0xFF, 0xF8, 0x1F, 0xFF, 0xF8, 0x1F, 0xFF, 0xF8, 0x1F, 0xFF, 0xF8, 0x1F,
    0xFF, 0xF8, 0x1F, 0xFF, 0xF8, 0x1F, 0xFF, 0xF8, 0x1F, 0xFF, 0xF8, 0x00, 0x00, 0x00, 0x00, 0x00,
    0x00, 0x00, 0x00, 0x00, 0x00, 0x00, 0x00, 0x00, 0x00, 0x00, 0x00, 0x00, 0x00, 0x00, 0x00, 0x00,
    0x00, 0x00, 0x00, 0x00, 0x00, 0x00, 0x00, 0x00, 0x00, 0x00, 0x00, 0x00, 0x00, 0x00, 0x00, 0x00,
    0x00, 0x00, 0x03, 0xFF, 0x00, 0x0F, 0xFC, 0x00, 0x3F, 0xF0, 0x00, 0xFF, 0xC0, 0x03, 0xFF, 0x00,
    0x0F, 0xFC, 0x00, 0x3F, 0xF0, 0x00, 0xFF, 0xC0, 0x03, 0xFF, 0x00, 0x0F, 0xFC, 0x00, 0x3F, 0xF0,
    0x00, 0x00, 0x01, 0xF8, 0x00, 0x1F, 0xC0, 0x00, 0xFC, 0x00, 0x07, 0xE0, 0x00, 0x7F, 0x00, 0x03,
    0xF0, 0x00, 0x1F, 0x80, 0x01, 0xFC, 0x00, 0x0F, 0xC0, 0x00, 0x7E, 0x00, 0x03, 0xF0, 0x00, 0x3F,
    0x00, 0x01, 0xF8, 0x00, 0x0F, 0xC0, 0x00, 0xFE, 0x00, 0x07, 0xE0, 0x00, 0x3F, 0x00, 0x03, 0xF8,
    0x00, 0x1F, 0x80, 0x00, 0xFC, 0x00, 0x0F, 0xE0, 0x00, 0x7E, 0x00, 0x03, 0xF0, 0x00, 0x1F, 0x80,
    0x01, 0xF8, 0x00, 0x0F, 0xC0, 0x00, 0x7E, 0x00, 0x07, 0xF0, 0x00, 0x3F, 0x00, 0x01, 0xF8, 0x00,
    0x1F, 0xC0, 0x00, 0xFC, 0x00, 0x07, 0xE0, 0x00, 0x7F, 0x00, 0x03, 0xF0, 0x00, 0x1F, 0x80, 0x00,
    0xFC, 0x00, 0x0F, 0xC0, 0x00, 0x7E, 0x00, 0x03, 0xF0, 0x00, 0x3F, 0x80, 0x01, 0xF8, 0x00, 0x0F,
    0xC0, 0x00, 0xFE, 0x00, 0x07, 0xE0, 0x00, 0x3F, 0x00, 0x03, 0xF8, 0x00, 0x1F, 0x80, 0x00, 0x00,
    0x00, 0xFF, 0x80, 0x00, 0x00, 0x07, 0xFF, 0xF0, 0x00, 0x00, 0x1F, 0xFF, 0xFC, 0x00, 0x00, 0x3F,
    0xFF, 0xFE, 0x00, 0x00, 0x7F, 0xFF, 0xFF, 0x00, 0x00, 0xFF, 0xFF, 0xFF, 0x80, 0x01, 0xFF, 0xFF,
    0xFF, 0xC0, 0x03, 0xFF, 0xC1, 0xFF, 0xE0, 0x03, 0xFF, 0x80, 0xFF, 0xE0, 0x07, 0xFF, 0x00, 0x7F,
    0xF0, 0x07, 0xFE, 0x00, 0x3F, 0xF0, 0x0F, 0xFE, 0x00, 0x3F, 0xF8, 0x0F, 0xFE, 0x00, 0x3F, 0xF8,
    0x0F, 0xFE, 0x00, 0x3F, 0xF8, 0x0F, 0xFC, 0x00, 0x1F, 0xF8, 0x1F, 0xFC, 0x00, 0x1F, 0xF8, 0x1F,
    0xFC, 0x00, 0x1F, 0xFC, 0x1F, 0xFC, 0x00, 0x1F, 0xFC, 0x1F, 0xFC, 0x00, 0x1F, 0xFC, 0x1F, 0xFC,
    0x00, 0x1F, 0xFC, 0x1F, 0xFC, 0x00, 0x1F, 0xFC, 0x1F, 0xFC, 0x00, 0x1F, 0xFC, 0x1F, 0xFC, 0x00,
    0x1F, 0xFC, 0x1F, 0xFC, 0x00, 0x1F, 0xFC, 0x1F, 0xFC, 0x00, 0x1F, 0xFC, 0x1F, 0xFC, 0x00, 0x1F,
    0xFC, 0x1F, 0xFC, 0x00, 0x1F, 0xFC, 0x1F, 0xFC, 0x00, 0x1F, 0xFC, 0x1F, 0xFC, 0x00, 0x1F, 0xF8,
    0x0F, 0xFC, 0x00, 0x1F, 0xF8, 0x0F, 0xFE, 0x00, 0x3F, 0xF8, 0x0F, 0xFE, 0x00, 0x3F, 0xF8, 0x0F,
    0xFE, 0x00, 0x3F, 0xF0, 0x07, 0xFE, 0x00, 0x3F, 0xF0, 0x07, 0xFF, 0x00, 0x7F, 0xF0, 0x03, 0xFF,
    0x80, 0xFF, 0xE0, 0x03, 0xFF, 0xC1, 0xFF, 0xE0, 0x01, 0xFF, 0xFF, 0xFF, 0xC0, 0x00, 0xFF, 0xFF,
    0xFF, 0x80, 0x00, 0x7F, 0xFF, 0xFF, 0x00, 0x00, 0x3F, 0xFF, 0xFE, 0x00, 0x00, 0x1F, 0xFF, 0xFC,
    0x00, 0x00, 0x07, 0xFF, 0xF0, 0x00, 0x00, 0x00, 0xFF, 0x80, 0x00, 0x00, 0x07, 0xFF, 0xC0, 0x00,
    0x00, 0xFF, 0xFF, 0xC0, 0x00, 0x03, 0xFF, 0xFF, 0xC0, 0x00, 0x03, 0xFF, 0xFF, 0xC0, 0x00, 0x03,
    0xFF, 0xFF, 0xC0, 0x00, 0x03, 0xFF, 0xFF, 0xC0, 0x00, 0x03, 0xFF, 0xFF, 0xC0, 0x00, 0x03, 0xFF,
    0xFF, 0xC0, 0x00, 0x03, 0xFC, 0xFF, 0xC0, 0x00, 0x03, 0x80, 0xFF, 0xC0, 0x00, 0x00, 0x00, 0xFF,
    0xC0, 0x00, 0x00, 0x00, 0xFF, 0xC0, 0x00, 0x00, 0x00, 0xFF, 0xC0, 0x00, 0x00, 0x00, 0xFF, 0xC0,
    0x00, 0x00, 0x00, 0xFF, 0xC0, 0x00, 0x00, 0x00, 0xFF, 0xC0, 0x00, 0x00, 0x00, 0xFF, 0xC0, 0x00,
    0x00, 0x00, 0xFF, 0xC0, 0x00, 0x00, 0x00, 0xFF, 0xC0, 0x00, 0x00, 0x00, 0xFF, 0xC0, 0x00, 0x00,
    0x00, 0xFF, 0xC0, 0x00, 0x00, 0x00, 0xFF, 0xC0, 0x00, 0x00, 0x00, 0xFF, 0xC0, 0x00, 0x00, 0x00,
    0xFF, 0xC0, 0x00, 0x00, 0x00, 0xFF, 0xC0, 0x00, 0x00, 0x00, 0xFF, 0xC0, 0x00, 0x00, 0x00, 0xFF,
    0xC0, 0x00, 0x00, 0x00, 0xFF, 0xC0, 0x00, 0x00, 0x00, 0xFF, 0xC0, 0x00, 0x00, 0x00, 0xFF, 0xC0,
    0x00, 0x00, 0x00, 0xFF, 0xC0, 0x00, 0x00, 0x00, 0xFF, 0xC0, 0x00, 0x00, 0x00, 0xFF, 0xC0, 0x00,
    0x00, 0x00, 0xFF, 0xC0, 0x00, 0x03, 0xFF, 0xFF, 0xFF, 0xF0, 0x03, 0xFF, 0xFF, 0xFF, 0xF0, 0x03,
    0xFF, 0xFF, 0xFF, 0xF0, 0x03, 0xFF, 0xFF, 0xFF, 0xF0, 0x03, 0xFF, 0xFF, 0xFF, 0xF0, 0x03, 0xFF,
    0xFF, 0xFF, 0xF0, 0x03, 0xFF, 0xFF, 0xFF, 0xF0, 0x03, 0xFF, 0xFF, 0xFF, 0xF0, 0x00, 0x03, 0xFF,
    0x80, 0x00, 0x00, 0x7F, 0xFF, 0xF8, 0x00, 0x03, 0xFF, 0xFF, 0xFC, 0x00, 0x07, 0xFF, 0xFF, 0xFF,
    0x00, 0x07, 0xFF, 0xFF, 0xFF, 0x80, 0x07, 0xFF, 0xFF, 0xFF, 0xC0, 0x07, 0xFF, 0xFF, 0xFF, 0xC0,
    0x07, 0xFC, 0x07, 0xFF, 0xE0, 0x07, 0xE0, 0x03, 0xFF, 0xE0, 0x07, 0x80, 0x01, 0xFF, 0xF0, 0x06,
    0x00, 0x00, 0xFF, 0xF0, 0x04, 0x00, 0x00, 0x7F, 0xF0, 0x00, 0x00, 0x00, 0x7F, 0xF0, 0x00, 0x00,
    0x00, 0x7F, 0xF0, 0x00, 0x00, 0x00, 0x7F, 0xF0, 0x00, 0x00, 0x00, 0x7F, 0xF0, 0x00, 0x00, 0x00,
    0x7F, 0xE0, 0x00, 0x00, 0x00, 0xFF, 0xE0, 0x00, 0x00, 0x01, 0xFF, 0xE0, 0x00, 0x00, 0x01, 0xFF,
    0xC0, 0x00, 0x00, 0x03, 0xFF, 0x80, 0x00, 0x00, 0x07, 0xFF, 0x80, 0x00, 0x00, 0x0F, 0xFF, 0x00,
    0x00, 0x00, 0x3F, 0xFE, 0x00, 0x00, 0x00, 0x7F, 0xFC, 0x00, 0x00, 0x00, 0xFF, 0xF0, 0x00, 0x00,
    0x01, 0xFF, 0xE0, 0x00, 0x00, 0x03, 0xFF, 0xC0, 0x00, 0x00, 0x07, 0xFF, 0x80, 0x00, 0x00, 0x1F,
    0xFF, 0x00, 0x00, 0x00, 0x3F, 0xFE, 0x00, 0x00, 0x00, 0x7F, 0xFC, 0x00, 0x00, 0x00, 0xFF, 0xF0,
    0x00, 0x00, 0x01, 0xFF, 0xE0, 0x00, 0x00, 0x03, 0xFF, 0xC0, 0x00, 0x00, 0x07, 0xFF, 0xFF, 0xFF,
    0xF0, 0x07, 0xFF, 0xFF, 0xFF, 0xF0, 0x07, 0xFF, 0xFF, 0xFF, 0xF0, 0x07, 0xFF, 0xFF, 0xFF, 0xF0,
    0x07, 0xFF, 0xFF, 0xFF, 0xF0, 0x07, 0xFF, 0xFF, 0xFF, 0xF0, 0x07, 0xFF, 0xFF, 0xFF, 0xF0, 0x07,
    0xFF, 0xFF, 0xFF, 0xF0, 0x00, 0x3F, 0xFF, 0x80, 0x00, 0x03, 0xFF, 0xFF, 0xF8, 0x00, 0x03, 0xFF,
    0xFF, 0xFE, 0x00, 0x03, 0xFF, 0xFF, 0xFF, 0x00, 0x03, 0xFF, 0xFF, 0xFF, 0x80, 0x03, 0xFF, 0xFF,
    0xFF, 0xC0, 0x03, 0xFF, 0xFF, 0xFF, 0xC0, 0x03, 0xF0, 0x0F, 0xFF, 0xC0, 0x03, 0x00, 0x03, 0xFF,
    0xE0, 0x00, 0x00, 0x01, 0xFF, 0xE0, 0x00, 0x00, 0x00, 0xFF, 0xE0, 0x00, 0x00, 0x00, 0xFF, 0xE0,
    0x00, 0x00, 0x00, 0xFF, 0xE0, 0x00, 0x00, 0x00, 0xFF, 0xE0, 0x00, 0x00, 0x00, 0xFF, 0xC0, 0x00,
    0x00, 0x01, 0xFF, 0xC0, 0x00, 0x00, 0x03, 0xFF, 0x80, 0x00, 0x00, 0x0F, 0xFF, 0x80, 0x00, 0x1F,
    0xFF, 0xFF, 0x00, 0x00, 0x1F, 0xFF, 0xFC, 0x00, 0x00, 0x1F, 0xFF, 0xE0, 0x00, 0x00, 0x1F, 0xFF,
    0xFC, 0x00, 0x00, 0x1F, 0xFF, 0xFF, 0x00, 0x00, 0x1F, 0xFF, 0xFF, 0x80, 0x00, 0x1F, 0xFF, 0xFF,
    0xC0, 0x00, 0x00, 0x0F, 0xFF, 0xE0, 0x00, 0x00, 0x01, 0xFF, 0xE0, 0x00, 0x00, 0x00, 0xFF, 0xE0,
    0x00, 0x00, 0x00, 0xFF, 0xF0, 0x00, 0x00, 0x00, 0x7F, 0xF0, 0x00, 0x00, 0x00, 0x7F, 0xF0, 0x00,
    0x00, 0x00, 0x7F, 0xF0, 0x00, 0x00, 0x00, 0x7F, 0xF0, 0x00, 0x00, 0x00, 0xFF, 0xF0, 0x08, 0x00,
    0x00, 0xFF, 0xF0, 0x0F, 0x00, 0x01, 0xFF, 0xE0, 0x0F, 0xE0, 0x0F, 0xFF, 0xE0, 0x0F, 0xFF, 0xFF,
    0xFF, 0xC0, 0x0F, 0xFF, 0xFF, 0xFF, 0xC0, 0x0F, 0xFF, 0xFF, 0xFF, 0x80, 0x0F, 0xFF, 0xFF, 0xFE,
    0x00, 0x0F, 0xFF, 0xFF, 0xFC, 0x00, 0x03, 0xFF, 0xFF, 0xF0, 0x00, 0x00, 0x3F, 0xFF, 0x00, 0x00,
    0x00, 0x00, 0x0F, 0xFF, 0x00, 0x00, 0x00, 0x1F, 0xFF, 0x00, 0x00, 0x00, 0x3F, 0xFF, 0x00, 0x00,
    0x00, 0x3F, 0xFF, 0x00, 0x00, 0x00, 0x7F, 0xFF, 0x00, 0x00, 0x00, 0xFF, 0xFF, 0x00, 0x00, 0x01,
    0xFF, 0xFF, 0x00, 0x00, 0x01, 0xFF, 0xFF, 0x00, 0x00, 0x03, 0xFF, 0xFF, 0x00, 0x00, 0x07, 0xFB,
    0xFF, 0x00, 0x00, 0x07, 0xFB, 0xFF, 0x00, 0x00, 0x0F, 0xF3, 0xFF, 0x00, 0x00, 0x1F, 0xE3, 0xFF,
    0x00, 0x00, 0x1F, 0xE3, 0xFF, 0x00, 0x00, 0x3F, 0xC3, 0xFF, 0x00, 0x00, 0x7F, 0x83, 0xFF, 0x00,
    0x00, 0x7F, 0x83, 0xFF, 0x00, 0x00, 0xFF, 0x03, 0xFF, 0x00, 0x01, 0xFE, 0x03, 0xFF, 0x00, 0x01,
    0xFC, 0x03, 0xFF, 0x00, 0x03, 0xFC, 0x03, 0xFF, 0x00, 0x07, 0xF8, 0x03, 0xFF, 0x00, 0x07, 0xF0,
    0x03, 0xFF, 0x00, 0x0F, 0xF0, 0x03, 0xFF, 0x00, 0x1F, 0xE0, 0x03, 0xFF, 0x00, 0x1F, 0xC0, 0x03,
    0xFF, 0x00, 0x1F, 0xFF, 0xFF, 0xFF, 0xFC, 0x1F, 0xFF, 0xFF, 0xFF, 0xFC, 0x1F, 0xFF, 0xFF, 0xFF,
    0xFC, 0x1F, 0xFF, 0xFF, 0xFF, 0xFC, 0x1F, 0xFF, 0xFF, 0xFF, 0xFC, 0x1F, 0xFF, 0xFF, 0xFF, 0xFC,
    0x1F, 0xFF, 0xFF, 0xFF, 0xFC, 0x1F, 0xFF, 0xFF, 0xFF, 0xFC, 0x00, 0x00, 0x03, 0xFF, 0x00, 0x00,
    0x00, 0x03, 0xFF, 0x00, 0x00, 0x00, 0x03, 0xFF, 0x00, 0x00, 0x00, 0x03, 0xFF, 0x00, 0x00, 0x00,
    0x03, 0xFF, 0x00, 0x00, 0x00, 0x03, 0xFF, 0x00, 0x00, 0x00, 0x03, 0xFF, 0x00, 0x00, 0x00, 0x03,
    0xFF, 0x00, 0x03, 0xFF, 0xFF, 0xFF, 0x80, 0x03, 0xFF, 0xFF, 0xFF, 0x80, 0x03, 0xFF, 0xFF, 0xFF,
    0x80, 0x03, 0xFF, 0xFF, 0xFF, 0x80, 0x03, 0xFF, 0xFF, 0xFF, 0x80, 0x03, 0xFF, 0xFF, 0xFF, 0x80,
    0x03, 0xFF, 0xFF, 0xFF, 0x80, 0x03, 0xFF, 0xFF, 0xFF, 0x80, 0x03, 0xFE, 0x00, 0x00, 0x00, 0x03,
    0xFE, 0x00, 0x00, 0x00, 0x03, 0xFE, 0x00, 0x00, 0x00, 0x03, 0xFE, 0x00, 0x00, 0x00, 0x03, 0xFE,
    0x00, 0x00, 0x00, 0x03, 0xFE, 0x00, 0x00, 0x00, 0x03, 0xFE, 0xFF, 0x80, 0x00, 0x03, 0xFF, 0xFF,
    0xF0, 0x00, 0x03, 0xFF, 0xFF, 0xFC, 0x00, 0x03, 0xFF, 0xFF, 0xFE, 0x00, 0x03, 0xFF, 0xFF, 0xFF,
    0x00, 0x03, 0xFF, 0xFF, 0xFF, 0x80, 0x03, 0xFF, 0xFF, 0xFF, 0xC0, 0x03, 0xF0, 0x0F, 0xFF, 0xE0,
    0x03, 0x00, 0x03, 0xFF, 0xE0, 0x00, 0x00, 0x01, 0xFF, 0xE0, 0x00, 0x00, 0x00, 0xFF, 0xF0, 0x00,
    0x00, 0x00, 0xFF, 0xF0, 0x00, 0x00, 0x00, 0x7F, 0xF0, 0x00, 0x00, 0x00, 0x7F, 0xF0, 0x00, 0x00,
    0x00, 0x7F, 0xF0, 0x00, 0x00, 0x00, 0x7F, 0xF0, 0x00, 0x00, 0x00, 0x7F, 0xF0, 0x00, 0x00, 0x00,
    0xFF, 0xF0, 0x08, 0x00, 0x00, 0xFF, 0xF0, 0x0E, 0x00, 0x01, 0xFF, 0xE0, 0x0F, 0x80, 0x03, 0xFF,
    0xE0, 0x0F, 0xF0, 0x0F, 0xFF, 0xC0, 0x0F, 0xFF, 0xFF, 0xFF, 0xC0, 0x0F, 0xFF, 0xFF, 0xFF, 0x80,
    0x0F, 0xFF, 0xFF, 0xFF, 0x00, 0x0F, 0xFF, 0xFF, 0xFE, 0x00, 0x0F, 0xFF, 0xFF, 0xF8, 0x00, 0x03,
    0xFF, 0xFF, 0xE0, 0x00, 0x00, 0x1F, 0xFF, 0x00, 0x00, 0x00, 0x00, 0x1F, 0xFC, 0x00, 0x00, 0x00,
    0xFF, 0xFF, 0xC0, 0x00, 0x03, 0xFF, 0xFF, 0xE0, 0x00, 0x0F, 0xFF, 0xFF, 0xE0, 0x00, 0x1F, 0xFF,
    0xFF, 0xE0, 0x00, 0x3F, 0xFF, 0xFF, 0xE0, 0x00, 0x7F, 0xFF, 0xFF, 0xE0, 0x00, 0xFF, 0xF8, 0x07,
    0xE0, 0x01, 0xFF, 0xE0, 0x00, 0xE0, 0x01, 0xFF, 0x80, 0x00, 0x20, 0x03, 0xFF, 0x80, 0x00, 0x00,
    0x03, 0xFF, 0x00, 0x00, 0x00, 0x03, 0xFE, 0x00, 0x00, 0x00, 0x07, 0xFE, 0x00, 0x00, 0x00, 0x07,
    0xFE, 0x00, 0x00, 0x00, 0x07, 0xFC, 0x1F, 0xF0, 0x00, 0x0F, 0xFC, 0xFF, 0xFC, 0x00, 0x0F, 0xFF,
    0xFF, 0xFF, 0x00, 0x0F, 0xFF, 0xFF, 0xFF, 0xC0, 0x0F, 0xFF, 0xFF, 0xFF, 0xE0, 0x0F, 0xFF, 0xFF,
    0xFF, 0xE0, 0x0F, 0xFF, 0xFF, 0xFF, 0xF0, 0x0F, 0xFF, 0xE0, 0xFF, 0xF8, 0x0F, 0xFF, 0x80, 0x3F,
    0xF8, 0x0F, 0xFF, 0x00, 0x1F, 0xF8, 0x0F, 0xFF, 0x00, 0x1F, 0xFC, 0x0F, 0xFE, 0x00, 0x0F, 0xFC,
    0x0F, 0xFE, 0x00, 0x0F, 0xFC, 0x0F, 0xFE, 0x00, 0x0F, 0xFC, 0x07, 0xFE, 0x00, 0x0F, 0xFC, 0x07,
    0xFE, 0x00, 0x0F, 0xFC, 0x07, 0xFE, 0x00, 0x0F, 0xFC, 0x07, 0xFE, 0x00, 0x0F, 0xFC, 0x03, 0xFF,
    0x00, 0x1F, 0xF8, 0x03, 0xFF, 0x00, 0x1F, 0xF8, 0x01, 0xFF, 0x80, 0x3F, 0xF8, 0x01, 0xFF, 0xE0,
    0xFF, 0xF0, 0x00, 0xFF, 0xFF, 0xFF, 0xF0, 0x00, 0x7F, 0xFF, 0xFF, 0xE0, 0x00, 0x7F, 0xFF, 0xFF,
    0xC0, 0x00, 0x1F, 0xFF, 0xFF, 0x80, 0x00, 0x0F, 0xFF, 0xFE, 0x00, 0x00, 0x03, 0xFF, 0xFC, 0x00,
    0x00, 0x00, 0x7F, 0xC0, 0x00, 0x0F, 0xFF, 0xFF, 0xFF, 0xF0, 0x0F, 0xFF, 0xFF, 0xFF, 0xF0, 0x0F,
    0xFF, 0xFF, 0xFF, 0xF0, 0x0F, 0xFF, 0xFF, 0xFF, 0xF0, 0x0F, 0xFF, 0xFF, 0xFF, 0xF0, 0x0F, 0xFF,
    0xFF, 0xFF, 0xF0, 0x0F, 0xFF, 0xFF, 0xFF, 0xF0, 0x0F, 0xFF, 0xFF, 0xFF, 0xE0, 0x00, 0x00, 0x00,
    0xFF, 0xE0, 0x00, 0x00, 0x00, 0xFF, 0xC0, 0x00, 0x00, 0x01, 0xFF, 0xC0, 0x00, 0x00, 0x01, 0xFF,
    0xC0, 0x00, 0x00, 0x03, 0xFF, 0x80, 0x00, 0x00, 0x03, 0xFF, 0x80, 0x00, 0x00, 0x07, 0xFF, 0x00,
    0x00, 0x00, 0x07, 0xFF, 0x00, 0x00, 0x00, 0x07, 0xFE, 0x00, 0x00, 0x00, 0x0F, 0xFE, 0x00, 0x00,
    0x00, 0x0F, 0xFC, 0x00, 0x00, 0x00, 0x1F, 0xFC, 0x00, 0x00, 0x00, 0x1F, 0xF8, 0x00, 0x00, 0x00,
    0x3F, 0xF8, 0x00, 0x00, 0x00, 0x3F, 0xF0, 0x00, 0x00, 0x00, 0x7F, 0xF0, 0x00, 0x00, 0x00, 0x7F,
    0xF0, 0x00, 0x00, 0x00, 0xFF, 0xE0, 0x00, 0x00, 0x00, 0xFF, 0xE0, 0x00, 0x00, 0x01, 0xFF, 0xC0,
    0x00, 0x00, 0x01, 0xFF, 0xC0, 0x00, 0x00, 0x01, 0xFF, 0x80, 0x00, 0x00, 0x03, 0xFF, 0x80, 0x00,
    0x00, 0x03, 0xFF, 0x00, 0x00, 0x00, 0x07, 0xFF, 0x00, 0x00, 0x00, 0x07, 0xFE, 0x00, 0x00, 0x00,
    0x0F, 0xFE, 0x00, 0x00, 0x00, 0x0F, 0xFC, 0x00, 0x00, 0x00, 0x1F, 0xFC, 0x00, 0x00, 0x00, 0x1F,
    0xFC, 0x00, 0x00, 0x00, 0x3F, 0xF8, 0x00, 0x00, 0x00, 0x3F, 0xF8, 0x00, 0x00, 0x00, 0x7F, 0xF0,
    0x00, 0x00, 0x00, 0x7F, 0xF0, 0x00, 0x00, 0x00, 0x01, 0xFF, 0xC0, 0x00, 0x00, 0x1F, 0xFF, 0xFC,
    0x00, 0x00, 0x7F, 0xFF, 0xFF, 0x00, 0x00, 0xFF, 0xFF, 0xFF, 0x80, 0x01, 0xFF, 0xFF, 0xFF, 0xC0,
    0x03, 0xFF, 0xFF, 0xFF, 0xE0, 0x03, 0xFF, 0xFF, 0xFF, 0xE0, 0x07, 0xFF, 0xC1, 0xFF, 0xF0, 0x07,
    0xFF, 0x00, 0x7F, 0xF0, 0x07, 0xFF, 0x00, 0x7F, 0xF0, 0x07, 0xFE, 0x00, 0x3F, 0xF0, 0x07, 0xFE,
    0x00, 0x3F, 0xF0, 0x07, 0xFE, 0x00, 0x3F, 0xF0, 0x07, 0xFE, 0x00, 0x3F, 0xF0, 0x03, 0xFF, 0x00,
    0x7F, 0xE0, 0x03, 0xFF, 0x00, 0x7F, 0xE0, 0x01, 0xFF, 0xC1, 0xFF, 0xC0, 0x01, 0xFF, 0xFF, 0xFF,
    0xC0, 0x00, 0x7F, 0xFF, 0xFF, 0x00, 0x00, 0x3F, 0xFF, 0xFE, 0x00, 0x00, 0x0F, 0xFF, 0xF8, 0x00,
    0x00, 0x7F, 0xFF, 0xFF, 0x00, 0x00, 0xFF, 0xFF, 0xFF, 0x80, 0x01, 0xFF, 0xFF, 0xFF, 0xC0, 0x03,
    0xFF, 0x81, 0xFF, 0xE0, 0x07, 0xFF, 0x00, 0x7F, 0xF0, 0x07, 0xFE, 0x00, 0x3F, 0xF0, 0x0F, 0xFC,
    0x00, 0x3F, 0xF8, 0x0F, 0xFC, 0x00, 0x1F, 0xF8, 0x0F, 0xFC, 0x00, 0x1F, 0xF8, 0x0F, 0xFC, 0x00,
    0x1F, 0xF8, 0x0F, 0xFC, 0x00, 0x1F, 0xF8, 0x0F, 0xFC, 0x00, 0x1F, 0xF8, 0x0F, 0xFE, 0x00, 0x3F,
    0xF8, 0x0F, 0xFE, 0x00, 0x3F, 0xF8, 0x07, 0xFF, 0x00, 0x7F, 0xF0, 0x07, 0xFF, 0xC0, 0xFF, 0xF0,
    0x07, 0xFF, 0xFF, 0xFF, 0xF0, 0x03, 0xFF, 0xFF, 0xFF, 0xE0, 0x01, 0xFF, 0xFF, 0xFF, 0xC0, 0x00,
    0xFF, 0xFF, 0xFF, 0x80, 0x00, 0x7F, 0xFF, 0xFF, 0x00, 0x00, 0x1F, 0xFF, 0xFC, 0x00, 0x00, 0x01,
    0xFF, 0xC0, 0x00, 0x00, 0x01, 0xFF, 0x00, 0x00, 0x00, 0x0F, 0xFF, 0xE0, 0x00, 0x00, 0x3F, 0xFF,
    0xF8, 0x00, 0x00, 0xFF, 0xFF, 0xFC, 0x00, 0x01, 0xFF, 0xFF, 0xFE, 0x00, 0x03, 0xFF, 0xFF, 0xFF,
    0x00, 0x07, 0xFF, 0xFF, 0xFF, 0x80, 0x07, 0xFF, 0x83, 0xFF, 0xC0, 0x0F, 0xFE, 0x00, 0xFF, 0xC0,
    0x0F, 0xFC, 0x00, 0x7F, 0xE0, 0x0F, 0xFC, 0x00, 0x7F, 0xE0, 0x1F, 0xF8, 0x00, 0x3F, 0xF0, 0x1F,
    0xF8, 0x00, 0x3F, 0xF0, 0x1F, 0xF8, 0x00, 0x3F, 0xF0, 0x1F, 0xF8, 0x00, 0x3F, 0xF0, 0x1F, 0xF8,
    0x00, 0x3F, 0xF8, 0x1F, 0xF8, 0x00, 0x3F, 0xF8, 0x1F, 0xF8, 0x00, 0x3F, 0xF8, 0x1F, 0xFC, 0x00,
    0x7F, 0xF8, 0x0F, 0xFC, 0x00, 0x7F, 0xF8, 0x0F, 0xFE, 0x00, 0xFF, 0xF8, 0x0F, 0xFF, 0x83, 0xFF,
    0xF8, 0x07, 0xFF, 0xFF, 0xFF, 0xF8, 0x03, 0xFF, 0xFF, 0xFF, 0xF8, 0x03, 0xFF, 0xFF, 0xFF, 0xF8,
    0x01, 0xFF, 0xFF, 0xFF, 0xF8, 0x00, 0x7F, 0xFF, 0xFF, 0xF8, 0x00, 0x3F, 0xFF, 0x9F, 0xF0, 0x00,
    0x07, 0xFC, 0x1F, 0xF0, 0x00, 0x00, 0x00, 0x3F, 0xF0, 0x00, 0x00, 0x00, 0x3F, 0xF0, 0x00, 0x00,
    0x00, 0x3F, 0xE0, 0x00, 0x00, 0x00, 0x7F, 0xE0, 0x00, 0x00, 0x00, 0xFF, 0xE0, 0x00, 0x00, 0x01,
    0xFF, 0xC0, 0x02, 0x00, 0x03, 0xFF, 0x80, 0x03, 0xE0, 0x0F, 0xFF, 0x80, 0x03, 0xFF, 0xFF, 0xFF,
    0x00, 0x03, 0xFF, 0xFF, 0xFE, 0x00, 0x03, 0xFF, 0xFF, 0xFC, 0x00, 0x03, 0xFF, 0xFF, 0xF8, 0x00,
    0x03, 0xFF, 0xFF, 0xE0, 0x00, 0x03, 0xFF, 0xFF, 0x80, 0x00, 0x00, 0x7F, 0xFC, 0x00, 0x00, 0x03,
    0xFF, 0x00, 0x07, 0xFE, 0x00, 0x0F, 0xFC, 0x00, 0x1F, 0xF8, 0x00, 0x3F, 0xF0, 0x00, 0x7F, 0xE0,
    0x00, 0xFF, 0xC0, 0x01, 0xFF, 0x80, 0x03, 0xFF, 0x00, 0x07, 0xFE, 0x00, 0x0F, 0xFC, 0x00, 0x00,
    0x00, 0x00, 0x00, 0x00, 0x00, 0x00, 0x00, 0x00, 0x00, 0x00, 0x00, 0x00, 0x00, 0x00, 0x00, 0x00,
    0x00, 0x00, 0x00, 0x00, 0x00, 0x00, 0x00, 0x00, 0x00, 0x00, 0x00, 0x00, 0x7F, 0xE0, 0x00, 0xFF,
    0xC0, 0x01, 0xFF, 0x80, 0x03, 0xFF, 0x00, 0x07, 0xFE, 0x00, 0x0F, 0xFC, 0x00, 0x1F, 0xF8, 0x00,
    0x3F, 0xF0, 0x00, 0x7F, 0xE0, 0x00, 0xFF, 0xC0, 0x01, 0xFF, 0x80, 0x03, 0xFF, 0x00, 0x07, 0xFE,
    0x00, 0x0F, 0xFC, 0x00, 0x1F, 0xF8, 0x00, 0x3F, 0xF0, 0x00, 0x7F, 0xE0, 0x00, 0xFF, 0xC0, 0x01,
    0xFF, 0x80, 0x03, 0xFF, 0x00, 0x07, 0xFE, 0x00, 0x0F, 0xFC, 0x00, 0x00, 0x00, 0x00, 0x00, 0x00,
    0x00, 0x00, 0x00, 0x00, 0x00, 0x00, 0x00, 0x00, 0x00, 0x00, 0x00, 0x00, 0x00, 0x00, 0x00, 0x00,
    0x00, 0x00, 0x00, 0x00, 0x00, 0x00, 0x00, 0x00, 0x7F, 0xE0, 0x00, 0xFF, 0xC0, 0x01, 0xFF, 0x80,
    0x03, 0xFF, 0x00, 0x07, 0xFE, 0x00, 0x0F, 0xFC, 0x00, 0x1F, 0xF8, 0x00, 0x3F, 0xF0, 0x00, 0x7F,
    0xE0, 0x00, 0xFF, 0x80, 0x03, 0xFF, 0x00, 0x07, 0xFC, 0x00, 0x0F, 0xF0, 0x00, 0x1F, 0xE0, 0x00,
    0x7F, 0x80, 0x00, 0xFE, 0x00, 0x01, 0xFC, 0x00, 0x07, 0xF0, 0x00, 0x0F, 0xC0, 0x00, 0x00, 0x00,
    0x00, 0x00, 0x00, 0x40, 0x00, 0x00, 0x00, 0x00, 0x01, 0xE0, 0x00, 0x00, 0x00, 0x00, 0x07, 0xF0,
    0x00, 0x00, 0x00, 0x00, 0x1F, 0xF8, 0x00, 0x00, 0x00, 0x00, 0x3F, 0xFC, 0x00, 0x00, 0x00, 0x00,
    0xFF, 0xFE, 0x00, 0x00, 0x00, 0x03, 0xFF, 0xFF, 0x00, 0x00, 0x00, 0x0F, 0xFF, 0xFF, 0x00, 0x00,
    0x00, 0x1F, 0xFF, 0xFC, 0x00, 0x00, 0x00, 0x7F, 0xFF, 0xF0, 0x00, 0x00, 0x01, 0xFF, 0xFF, 0xC0,
    0x00, 0x00, 0x03, 0xFF, 0xFF, 0x00, 0x00, 0x00, 0x0F, 0xFF, 0xFE, 0x00, 0x00, 0x00, 0x1F, 0xFF,
    0xF8, 0x00, 0x00, 0x00, 0x0F, 0xFF, 0xE0, 0x00, 0x00, 0x00, 0x07, 0xFF, 0x80, 0x00, 0x00, 0x00,
    0x03, 0xFE, 0x00, 0x00, 0x00, 0x00, 0x01, 0xFF, 0xE0, 0x00, 0x00, 0x00, 0x00, 0xFF, 0xFE, 0x00,
    0x00, 0x00, 0x00, 0x7F, 0xFF, 0xE0, 0x00, 0x00, 0x00, 0x0F, 0xFF, 0xFC, 0x00, 0x00, 0x00, 0x01,
    0xFF, 0xFF, 0xC0, 0x00, 0x00, 0x00, 0x1F, 0xFF, 0xFC, 0x00, 0x00, 0x00, 0x01, 0xFF, 0xFF, 0xC0,
    0x00, 0x00, 0x00, 0x1F, 0xFF, 0xFC, 0x00, 0x00, 0x00, 0x03, 0xFF, 0xFF, 0xC0, 0x00, 0x00, 0x00,
    0x3F, 0xFF, 0xF0, 0x00, 0x00, 0x00, 0x03, 0xFF, 0xF8, 0x00, 0x00, 0x00, 0x00, 0x3F, 0xFC, 0x00,
    0x00, 0x00, 0x00, 0x07, 0xFE, 0x00, 0x00, 0x00, 0x00, 0x00, 0x7F, 0x00, 0x00, 0x00, 0x00, 0x00,
    0x07, 0x80, 0x00, 0x00, 0x00, 0x00, 0x00, 0x40, 0x00, 0x00, 0x00, 0x00, 0x00, 0x00, 0x00, 0x00,
    0x00, 0x00, 0x00, 0x00, 0x00, 0x03, 0xFF, 0xFF, 0xFF, 0xFF, 0xC0, 0x01, 0xFF, 0xFF, 0xFF, 0xFF,
    0xE0, 0x00, 0xFF, 0xFF, 0xFF, 0xFF, 0xF0, 0x00, 0x7F, 0xFF, 0xFF, 0xFF, 0xF8, 0x00, 0x3F, 0xFF,
    0xFF, 0xFF, 0xFC, 0x00, 0x1F, 0xFF, 0xFF, 0xFF, 0xFE, 0x00, 0x0F, 0xFF, 0xFF, 0xFF, 0xFF, 0x00,
    0x00, 0x00, 0x00, 0x00, 0x00, 0x00, 0x00, 0x00, 0x00, 0x00, 0x00, 0x00, 0x00, 0x00, 0x00, 0x00,
    0x00, 0x00, 0x00, 0x00, 0x00, 0x00, 0x00, 0x00, 0x00, 0x00, 0x00, 0x00, 0x00, 0x00, 0x00, 0x00,
    0x00, 0x00, 0x00, 0x00, 0x00, 0x1F, 0xFF, 0xFF, 0xFF, 0xFE, 0x00, 0x0F, 0xFF, 0xFF, 0xFF, 0xFF,
    0x00, 0x07, 0xFF, 0xFF, 0xFF, 0xFF, 0x80, 0x03, 0xFF, 0xFF, 0xFF, 0xFF, 0xC0, 0x01, 0xFF, 0xFF,
    0xFF, 0xFF, 0xE0, 0x00, 0xFF, 0xFF, 0xFF, 0xFF, 0xF0, 0x00, 0x7F, 0xFF, 0xFF, 0xFF, 0xF8, 0x00,
    0x00, 0x00, 0x00, 0x00, 0x00, 0x00, 0x00, 0x00, 0x00, 0x00, 0x00, 0x00, 0x00, 0x00, 0x00, 0x00,
    0x00, 0x00, 0x00, 0x00, 0x00, 0x00, 0x00, 0x00, 0x00, 0x00, 0x00, 0x00, 0x00, 0x00, 0x00, 0x00,
    0x00, 0x00, 0x00, 0x00, 0x00, 0x00, 0x00, 0x00, 0x00, 0x00, 0x00, 0x00, 0x00, 0x00, 0x00, 0x00,
    0x00, 0x02, 0x00, 0x00, 0x00, 0x00, 0x00, 0x01, 0xE0, 0x00, 0x00, 0x00, 0x00, 0x00, 0xFE, 0x00,
    0x00, 0x00, 0x00, 0x00, 0x7F, 0xE0, 0x00, 0x00, 0x00, 0x00, 0x3F, 0xFC, 0x00, 0x00, 0x00, 0x00,
    0x1F, 0xFF, 0xC0, 0x00, 0x00, 0x00, 0x0F, 0xFF, 0xFC, 0x00, 0x00, 0x00, 0x03, 0xFF, 0xFF, 0xC0,
    0x00, 0x00, 0x00, 0x3F, 0xFF, 0xF8, 0x00, 0x00, 0x00, 0x03, 0xFF, 0xFF, 0x80, 0x00, 0x00, 0x00,
    0x3F, 0xFF, 0xF8, 0x00, 0x00, 0x00, 0x03, 0xFF, 0xFF, 0x80, 0x00, 0x00, 0x00, 0x7F, 0xFF, 0xF0,
    0x00, 0x00, 0x00, 0x07, 0xFF, 0xFE, 0x00, 0x00, 0x00, 0x00, 0x7F, 0xFF, 0x00, 0x00, 0x00, 0x00,
    0x07, 0xFF, 0x80, 0x00, 0x00, 0x00, 0x00, 0x7F, 0xC0, 0x00, 0x00, 0x00, 0x01, 0xFF, 0xE0, 0x00,
    0x00, 0x00, 0x07, 0xFF, 0xF0, 0x00, 0x00, 0x00, 0x1F, 0xFF, 0xF8, 0x00, 0x00, 0x00, 0x3F, 0xFF,
    0xF0, 0x00, 0x00, 0x00, 0xFF, 0xFF, 0xC0, 0x00, 0x00, 0x03, 0xFF, 0xFF, 0x80, 0x00, 0x00, 0x0F,
    0xFF, 0xFE, 0x00, 0x00, 0x00, 0x3F, 0xFF, 0xF8, 0x00, 0x00, 0x00, 0xFF, 0xFF, 0xF0, 0x00, 0x00,
    0x00, 0xFF, 0xFF, 0xC0, 0x00, 0x00, 0x00, 0x7F, 0xFF, 0x00, 0x00, 0x00, 0x00, 0x3F, 0xFC, 0x00,
    0x00, 0x00, 0x00, 0x1F, 0xF8, 0x00, 0x00, 0x00, 0x00, 0x0F, 0xE0, 0x00, 0x00, 0x00, 0x00, 0x07,
    0x80, 0x00, 0x00, 0x00, 0x00, 0x02, 0x00, 0x00, 0x00, 0x00, 0x00, 0x00, 0x00, 0x00, 0x00, 0x00,
    0x00, 0x00, 0x00, 0x00, 0x00, 0x00, 0x00, 0x00, 0x00, 0x3F, 0xF8, 0x00, 0x00, 0xFF, 0xFF, 0xC0,
    0x00, 0xFF, 0xFF, 0xFC, 0x00, 0x3F, 0xFF, 0xFF, 0x80, 0x0F, 0xFF, 0xFF, 0xF0, 0x03, 0xFF, 0xFF,
    0xFE, 0x00, 0xFF, 0xFF, 0xFF, 0x80, 0x3F, 0x81, 0xFF, 0xF0, 0x0F, 0x00, 0x1F, 0xFC, 0x03, 0x00,
    0x03, 0xFF, 0x00, 0x80, 0x00, 0xFF, 0xC0, 0x00, 0x00, 0x3F, 0xF0, 0x00, 0x00, 0x0F, 0xFC, 0x00,
    0x00, 0x07, 0xFF, 0x00, 0x00, 0x01, 0xFF, 0x80, 0x00, 0x00, 0xFF, 0xE0, 0x00, 0x00, 0x7F, 0xF0,
    0x00, 0x00, 0x3F, 0xFC, 0x00, 0x00, 0x1F, 0xFE, 0x00, 0x00, 0x0F, 0xFF, 0x00, 0x00, 0x07, 0xFF,
    0x80, 0x00, 0x03, 0xFF, 0xC0, 0x00, 0x01, 0xFF, 0xC0, 0x00, 0x00, 0x7F, 0xE0, 0x00, 0x00, 0x3F,
    0xF8, 0x00, 0x00, 0x0F, 0xFC, 0x00, 0x00, 0x03, 0xFF, 0x00, 0x00, 0x00, 0xFF, 0xC0, 0x00, 0x00,
    0x00, 0x00, 0x00, 0x00, 0x00, 0x00, 0x00, 0x00, 0x00, 0x00, 0x00, 0x00, 0x00, 0x00, 0x00, 0x00,
    0x00, 0x3F, 0xF0, 0x00, 0x00, 0x0F, 0xFC, 0x00, 0x00, 0x03, 0xFF, 0x00, 0x00, 0x00, 0xFF, 0xC0,
    0x00, 0x00, 0x3F, 0xF0, 0x00, 0x00, 0x0F, 0xFC, 0x00, 0x00, 0x03, 0xFF, 0x00, 0x00, 0x00, 0xFF,
    0xC0, 0x00, 0x00, 0x3F, 0xF0, 0x00, 0x00, 0x0F, 0xFC, 0x00, 0x00, 0x00, 0x00, 0x00, 0xFF, 0xE0,
    0x00, 0x00, 0x00, 0x00, 0x01, 0xFF, 0xFF, 0x80, 0x00, 0x00, 0x00, 0x03, 0xFF, 0xFF, 0xF8, 0x00,
    0x00, 0x00, 0x01, 0xFF, 0xFF, 0xFF, 0x80, 0x00, 0x00, 0x01, 0xFF, 0xFF, 0xFF, 0xF8, 0x00, 0x00,
    0x00, 0xFF, 0xE0, 0x07, 0xFF, 0x00, 0x00, 0x00, 0xFF, 0xC0, 0x00, 0x3F, 0xE0, 0x00, 0x00, 0x7F,
    0xC0, 0x00, 0x03, 0xFC, 0x00, 0x00, 0x3F, 0xC0, 0x00, 0x00, 0x3F, 0x80, 0x00, 0x0F, 0xE0, 0x00,
    0x00, 0x07, 0xF0, 0x00, 0x07, 0xE0, 0x00, 0x00, 0x00, 0xFE, 0x00, 0x03, 0xF0, 0x00, 0x00, 0x00,
    0x1F, 0x80, 0x01, 0xF8, 0x00, 0x00, 0x00, 0x03, 0xF0, 0x00, 0x7E, 0x00, 0x3F, 0x80, 0x00, 0x7C,
    0x00, 0x3F, 0x00, 0x3F, 0xF9, 0xF8, 0x1F, 0x80, 0x0F, 0xC0, 0x1F, 0xFF, 0x7E, 0x03, 0xE0, 0x03,
    0xE0, 0x0F, 0xFF, 0xFF, 0x80, 0xF8, 0x01, 0xF8, 0x07, 0xFF, 0xFF, 0xE0, 0x3F, 0x00, 0x7C, 0x01,
    0xFC, 0x1F, 0xF8, 0x07, 0xC0, 0x1F, 0x00, 0xFE, 0x03, 0xFE, 0x01, 0xF0, 0x0F, 0xC0, 0x3F, 0x00,
    0x7F, 0x80, 0x7C, 0x03, 0xE0, 0x1F, 0xC0, 0x1F, 0xE0, 0x1F, 0x00, 0xF8, 0x07, 0xE0, 0x03, 0xF8,
    0x07, 0xC0, 0x3E, 0x01, 0xF8, 0x00, 0xFE, 0x01, 0xF0, 0x0F, 0x80, 0x7E, 0x00, 0x3F, 0x80, 0x7C,
    0x03, 0xE0, 0x1F, 0x80, 0x0F, 0xE0, 0x1F, 0x00, 0xF8, 0x07, 0xE0, 0x03, 0xF8, 0x0F, 0xC0, 0x3E,
    0x01, 0xF8, 0x00, 0xFE, 0x03, 0xE0, 0x0F, 0x80, 0x7E, 0x00, 0x3F, 0x80, 0xF8, 0x03, 0xE0, 0x1F,
    0xC0, 0x1F, 0xE0, 0x7E, 0x00, 0xFC, 0x03, 0xF0, 0x07, 0xF8, 0x3F, 0x00, 0x1F, 0x00, 0xFE, 0x03,
    0xFE, 0x1F, 0x80, 0x07, 0xC0, 0x1F, 0xC1, 0xFF, 0x9F, 0xE0, 0x01, 0xF8, 0x07, 0xFF, 0xFF, 0xFF,
    0xF0, 0x00, 0x7E, 0x00, 0xFF, 0xFF, 0xFF, 0xF8, 0x00, 0x0F, 0x80, 0x1F, 0xFF, 0x7F, 0xF8, 0x00,
    0x03, 0xF0, 0x03, 0xFF, 0x9F, 0xF8, 0x00, 0x00, 0x7E, 0x00, 0x3F, 0x87, 0xF0, 0x00, 0x00, 0x1F,
    0x80, 0x00, 0x00, 0x00, 0x00, 0x00, 0x03, 0xF0, 0x00, 0x00, 0x00, 0x00, 0x00, 0x00, 0x7E, 0x00,
    0x00, 0x00, 0x00, 0x00, 0x00, 0x1F, 0xC0, 0x00, 0x00, 0x08, 0x00, 0x00, 0x03, 0xFC, 0x00, 0x00,
    0x07, 0x00, 0x00, 0x00, 0x7F, 0x80, 0x00, 0x07, 0xC0, 0x00, 0x00, 0x0F, 0xF8, 0x00, 0x07, 0xF8,
    0x00, 0x00, 0x01, 0xFF, 0xE0, 0x0F, 0xFF, 0x00, 0x00, 0x00, 0x1F, 0xFF, 0xFF, 0xFF, 0x80, 0x00,
    0x00, 0x03, 0xFF, 0xFF, 0xFF, 0x80, 0x00, 0x00, 0x00, 0x3F, 0xFF, 0xFF, 0x80, 0x00, 0x00, 0x00,
    0x01, 0xFF, 0xFF, 0x80, 0x00, 0x00, 0x00, 0x00, 0x0F, 0xFE, 0x00, 0x00, 0x00, 0x00, 0x01, 0xFF,
    0xF8, 0x00, 0x00, 0x00, 0x0F, 0xFF, 0xC0, 0x00, 0x00, 0x00, 0x7F, 0xFE, 0x00, 0x00, 0x00, 0x07,
    0xFF, 0xF8, 0x00, 0x00, 0x00, 0x3F, 0xFF, 0xC0, 0x00, 0x00, 0x03, 0xFF, 0xFE, 0x00, 0x00, 0x00,
    0x1F, 0xFF, 0xF8, 0x00, 0x00, 0x00, 0xFF, 0xFF, 0xC0, 0x00, 0x00, 0x0F, 0xFF, 0xFF, 0x00, 0x00,
    0x00, 0x7F, 0xFF, 0xF8, 0x00, 0x00, 0x03, 0xFF, 0xFF, 0xC0, 0x00, 0x00, 0x3F, 0xF3, 0xFF, 0x00,
    0x00, 0x01, 0xFF, 0x9F, 0xF8, 0x00, 0x00, 0x0F, 0xFC, 0xFF, 0xC0, 0x00, 0x00, 0xFF, 0xC3, 0xFF,
    0x00, 0x00, 0x07, 0xFE, 0x1F, 0xF8, 0x00, 0x00, 0x7F, 0xF0, 0xFF, 0xE0, 0x00, 0x03, 0xFF, 0x03,
    0xFF, 0x00, 0x00, 0x1F, 0xF8, 0x1F, 0xF8, 0x00, 0x01, 0xFF, 0xC0, 0xFF, 0xE0, 0x00, 0x0F, 0xFC,
    0x03, 0xFF, 0x00, 0x00, 0x7F, 0xE0, 0x1F, 0xF8, 0x00, 0x07, 0xFE, 0x00, 0x7F, 0xE0, 0x00, 0x3F,
    0xF0, 0x03, 0xFF, 0x00, 0x03, 0xFF, 0x80, 0x1F, 0xFC, 0x00, 0x1F, 0xF8, 0x00, 0x7F, 0xE0, 0x00,
    0xFF, 0xFF, 0xFF, 0xFF, 0x00, 0x0F, 0xFF, 0xFF, 0xFF, 0xFC, 0x00, 0x7F, 0xFF, 0xFF, 0xFF, 0xE0,
    0x03, 0xFF, 0xFF, 0xFF, 0xFF, 0x00, 0x3F, 0xFF, 0xFF, 0xFF, 0xFC, 0x01, 0xFF, 0xFF, 0xFF, 0xFF,
    0xE0, 0x0F, 0xFF, 0xFF, 0xFF, 0xFF, 0x00, 0xFF, 0xFF, 0xFF, 0xFF, 0xFC, 0x07, 0xFE, 0x00, 0x00,
    0x7F, 0xE0, 0x7F, 0xF0, 0x00, 0x03, 0xFF, 0x83, 0xFF, 0x80, 0x00, 0x1F, 0xFC, 0x1F, 0xF8, 0x00,
    0x00, 0x7F, 0xE1, 0xFF, 0xC0, 0x00, 0x03, 0xFF, 0x8F, 0xFE, 0x00, 0x00, 0x1F, 0xFC, 0x7F, 0xE0,
    0x00, 0x00, 0x7F, 0xE7, 0xFF, 0x00, 0x00, 0x03, 0xFF, 0x80, 0x07, 0xFF, 0xFF, 0xF0, 0x00, 0x00,
    0x7F, 0xFF, 0xFF, 0xF0, 0x00, 0x07, 0xFF, 0xFF, 0xFF, 0xC0, 0x00, 0x7F, 0xFF, 0xFF, 0xFE, 0x00,
    0x07, 0xFF, 0xFF, 0xFF, 0xF0, 0x00, 0x7F, 0xFF, 0xFF, 0xFF, 0x80, 0x07, 0xFF, 0xFF, 0xFF, 0xF8,
    0x00, 0x7F, 0xF0, 0x0F, 0xFF, 0x80, 0x07, 0xFF, 0x00, 0x3F, 0xFC, 0x00, 0x7F, 0xF0, 0x01, 0xFF,
    0xC0, 0x07, 0xFF, 0x00, 0x1F, 0xFC, 0x00, 0x7F, 0xF0, 0x01, 0xFF, 0xC0, 0x07, 0xFF, 0x00, 0x1F,
    0xFC, 0x00, 0x7F, 0xF0, 0x01, 0xFF, 0xC0, 0x07, 0xFF, 0x00, 0x1F, 0xFC, 0x00, 0x7F, 0xF0, 0x03,
    0xFF, 0x80, 0x07, 0xFF, 0x00, 0x7F, 0xF8, 0x00, 0x7F, 0xFF, 0xFF, 0xFF, 0x00, 0x07, 0xFF, 0xFF,
    0xFF, 0xE0, 0x00, 0x7F, 0xFF, 0xFF, 0xFC, 0x00, 0x07, 0xFF, 0xFF, 0xFF, 0xC0, 0x00, 0x7F, 0xFF,
    0xFF, 0xFF, 0x00, 0x07, 0xFF, 0xFF, 0xFF, 0xF8, 0x00, 0x7F, 0xFF, 0xFF, 0xFF, 0xC0, 0x07, 0xFF,
    0x00, 0x3F, 0xFE, 0x00, 0x7F, 0xF0, 0x01, 0xFF, 0xE0, 0x07, 0xFF, 0x00, 0x0F, 0xFE, 0x00, 0x7F,
    0xF0, 0x00, 0x7F, 0xF0, 0x07, 0xFF, 0x00, 0x07, 0xFF, 0x00, 0x7F, 0xF0, 0x00, 0x7F, 0xF0, 0x07,
    0xFF, 0x00, 0x07, 0xFF, 0x00, 0x7F, 0xF0, 0x00, 0x7F, 0xF0, 0x07, 0xFF, 0x00, 0x0F, 0xFF, 0x00,
    0x7F, 0xF0, 0x01, 0xFF, 0xF0, 0x07, 0xFF, 0x00, 0x3F, 0xFE, 0x00, 0x7F, 0xFF, 0xFF, 0xFF, 0xE0,
    0x07, 0xFF, 0xFF, 0xFF, 0xFC, 0x00, 0x7F, 0xFF, 0xFF, 0xFF, 0xC0, 0x07, 0xFF, 0xFF, 0xFF, 0xF8,
    0x00, 0x7F, 0xFF, 0xFF, 0xFE, 0x00, 0x07, 0xFF, 0xFF, 0xFF, 0x80, 0x00, 0x7F, 0xFF, 0xFF, 0x80,
    0x00, 0x00, 0x00, 0x0F, 0xFE, 0x00, 0x00, 0x00, 0x1F, 0xFF, 0xFC, 0x00, 0x00, 0x0F, 0xFF, 0xFF,
    0xF0, 0x00, 0x07, 0xFF, 0xFF, 0xFF, 0x00, 0x01, 0xFF, 0xFF, 0xFF, 0xE0, 0x00, 0x7F, 0xFF, 0xFF,
    0xFC, 0x00, 0x1F, 0xFF, 0xFF, 0xFF, 0x80, 0x07, 0xFF, 0xFF, 0xFF, 0xF0, 0x01, 0xFF, 0xFE, 0x01,
    0xFE, 0x00, 0x7F, 0xFE, 0x00, 0x07, 0xC0, 0x0F, 0xFF, 0x80, 0x00, 0x38, 0x03, 0xFF, 0xE0, 0x00,
    0x01, 0x00, 0x7F, 0xF8, 0x00, 0x00, 0x00, 0x1F, 0xFE, 0x00, 0x00, 0x00, 0x03, 0xFF, 0x80, 0x00,
    0x00, 0x00, 0x7F, 0xF0, 0x00, 0x00, 0x00, 0x1F, 0xFE, 0x00, 0x00, 0x00, 0x03, 0xFF, 0x80, 0x00,
    0x00, 0x00, 0x7F, 0xF0, 0x00, 0x00, 0x00, 0x0F, 0xFE, 0x00, 0x00, 0x00, 0x01, 0xFF, 0xC0, 0x00,
    0x00, 0x00, 0x3F, 0xF8, 0x00, 0x00, 0x00, 0x07, 0xFF, 0x00, 0x00, 0x00, 0x00, 0xFF, 0xE0, 0x00,
    0x00, 0x00, 0x1F, 0xFC, 0x00, 0x00, 0x00, 0x03, 0xFF, 0x80, 0x00, 0x00, 0x00, 0x7F, 0xF0, 0x00,
    0x00, 0x00, 0x0F, 0xFF, 0x00, 0x00, 0x00, 0x00, 0xFF, 0xE0, 0x00, 0x00, 0x00, 0x1F, 0xFE, 0x00,
    0x00, 0x00, 0x03, 0xFF, 0xC0, 0x00, 0x00, 0x00, 0x3F, 0xFC, 0x00, 0x00, 0x00, 0x07, 0xFF, 0xC0,
    0x00, 0x02, 0x00, 0x7F, 0xFC, 0x00, 0x00, 0xC0, 0x0F, 0xFF, 0xC0, 0x00, 0xF8, 0x00, 0xFF, 0xFF,
    0x00, 0xFF, 0x00, 0x0F, 0xFF, 0xFF, 0xFF, 0xE0, 0x00, 0xFF, 0xFF, 0xFF, 0xFC, 0x00, 0x0F, 0xFF,
    0xFF, 0xFF, 0x80, 0x00, 0xFF, 0xFF, 0xFF, 0xF0, 0x00, 0x0F, 0xFF, 0xFF, 0xFE, 0x00, 0x00, 0x7F,
    0xFF, 0xFF, 0x80, 0x00, 0x03, 0xFF, 0xFF, 0x80, 0x00, 0x00, 0x07, 0xFF, 0x80, 0x00, 0x07, 0xFF,
    0xFF, 0xE0, 0x00, 0x00, 0x07, 0xFF, 0xFF, 0xFE, 0x00, 0x00, 0x07, 0xFF, 0xFF, 0xFF, 0xC0, 0x00,
    0x07, 0xFF, 0xFF, 0xFF, 0xF0, 0x00, 0x07, 0xFF, 0xFF, 0xFF, 0xF8, 0x00, 0x07, 0xFF, 0xFF, 0xFF,
    0xFE, 0x00, 0x07, 0xFF, 0xFF, 0xFF, 0xFF, 0x00, 0x07, 0xFF, 0xFF, 0xFF, 0xFF, 0x80, 0x07, 0xFF,
    0x00, 0x7F, 0xFF, 0x80, 0x07, 0xFF, 0x00, 0x0F, 0xFF, 0xC0, 0x07, 0xFF, 0x00, 0x07, 0xFF, 0xE0,
    0x07, 0xFF, 0x00, 0x01, 0xFF, 0xE0, 0x07, 0xFF, 0x00, 0x01, 0xFF, 0xF0, 0x07, 0xFF, 0x00, 0x00,
    0xFF, 0xF0, 0x07, 0xFF, 0x00, 0x00, 0x7F, 0xF0, 0x07, 0xFF, 0x00, 0x00, 0x7F, 0xF0, 0x07, 0xFF,
    0x00, 0x00, 0x7F, 0xF8, 0x07, 0xFF, 0x00, 0x00, 0x3F, 0xF8, 0x07, 0xFF, 0x00, 0x00, 0x3F, 0xF8,
    0x07, 0xFF, 0x00, 0x00, 0x3F, 0xF8, 0x07, 0xFF, 0x00, 0x00, 0x3F, 0xF8, 0x07, 0xFF, 0x00, 0x00,
    0x3F, 0xF8, 0x07, 0xFF, 0x00, 0x00, 0x3F, 0xF8, 0x07, 0xFF, 0x00, 0x00, 0x3F, 0xF8, 0x07, 0xFF,
    0x00, 0x00, 0x3F, 0xF8, 0x07, 0xFF, 0x00, 0x00, 0x7F, 0xF8, 0x07, 0xFF, 0x00, 0x00, 0x7F, 0xF0,
    0x07, 0xFF, 0x00, 0x00, 0x7F, 0xF0, 0x07, 0xFF, 0x00, 0x00, 0xFF, 0xF0, 0x07, 0xFF, 0x00, 0x01,
    0xFF, 0xF0, 0x07, 0xFF, 0x00, 0x01, 0xFF, 0xE0, 0x07, 0xFF, 0x00, 0x07, 0xFF, 0xE0, 0x07, 0xFF,
    0x00, 0x0F, 0xFF, 0xC0, 0x07, 0xFF, 0x00, 0x7F, 0xFF, 0x80, 0x07, 0xFF, 0xFF, 0xFF, 0xFF, 0x80,
    0x07, 0xFF, 0xFF, 0xFF, 0xFF, 0x00, 0x07, 0xFF, 0xFF, 0xFF, 0xFE, 0x00, 0x07, 0xFF, 0xFF, 0xFF,
    0xF8, 0x00, 0x07, 0xFF, 0xFF, 0xFF, 0xF0, 0x00, 0x07, 0xFF, 0xFF, 0xFF, 0xC0, 0x00, 0x07, 0xFF,
    0xFF, 0xFE, 0x00, 0x00, 0x07, 0xFF, 0xFF, 0xC0, 0x00, 0x00, 0x07, 0xFF, 0xFF, 0xFF, 0xC0, 0x07,
    0xFF, 0xFF, 0xFF, 0xC0, 0x07, 0xFF, 0xFF, 0xFF, 0xC0, 0x07, 0xFF, 0xFF, 0xFF, 0xC0, 0x07, 0xFF,
    0xFF, 0xFF, 0xC0, 0x07, 0xFF, 0xFF, 0xFF, 0xC0, 0x07, 0xFF, 0xFF, 0xFF, 0xC0, 0x07, 0xFF, 0xFF,
    0xFF, 0xC0, 0x07, 0xFF, 0x00, 0x00, 0x00, 0x07, 0xFF, 0x00, 0x00, 0x00, 0x07, 0xFF, 0x00, 0x00,
    0x00, 0x07, 0xFF, 0x00, 0x00, 0x00, 0x07, 0xFF, 0x00, 0x00, 0x00, 0x07, 0xFF, 0x00, 0x00, 0x00,
    0x07, 0xFF, 0x00, 0x00, 0x00, 0x07, 0xFF, 0x00, 0x00, 0x00, 0x07, 0xFF, 0xFF, 0xFF, 0x80, 0x07,
    0xFF, 0xFF, 0xFF, 0x80, 0x07, 0xFF, 0xFF, 0xFF, 0x80, 0x07, 0xFF, 0xFF, 0xFF, 0x80, 0x07, 0xFF,
    0xFF, 0xFF, 0x80, 0x07, 0xFF, 0xFF, 0xFF, 0x80, 0x07, 0xFF, 0xFF, 0xFF, 0x80, 0x07, 0xFF, 0xFF,
    0xFF, 0x80, 0x07, 0xFF, 0x00, 0x00, 0x00, 0x07, 0xFF, 0x00, 0x00, 0x00, 0x07, 0xFF, 0x00, 0x00,
    0x00, 0x07, 0xFF, 0x00, 0x00, 0x00, 0x07, 0xFF, 0x00, 0x00, 0x00, 0x07, 0xFF, 0x00, 0x00, 0x00,
    0x07, 0xFF, 0x00, 0x00, 0x00, 0x07, 0xFF, 0x00, 0x00, 0x00, 0x07, 0xFF, 0x00, 0x00, 0x00, 0x07,
    0xFF, 0x00, 0x00, 0x00, 0x07, 0xFF, 0xFF, 0xFF, 0xE0, 0x07, 0xFF, 0xFF, 0xFF, 0xE0, 0x07, 0xFF,
    0xFF, 0xFF, 0xE0, 0x07, 0xFF, 0xFF, 0xFF, 0xE0, 0x07, 0xFF, 0xFF, 0xFF, 0xE0, 0x07, 0xFF, 0xFF,
    0xFF, 0xE0, 0x07, 0xFF, 0xFF, 0xFF, 0xE0, 0x07, 0xFF, 0xFF, 0xFF, 0xE0, 0x07, 0xFF, 0xFF, 0xFF,
    0xC0, 0x07, 0xFF, 0xFF, 0xFF, 0xC0, 0x07, 0xFF, 0xFF, 0xFF, 0xC0, 0x07, 0xFF, 0xFF, 0xFF, 0xC0,
    0x07, 0xFF, 0xFF, 0xFF, 0xC0, 0x07, 0xFF, 0xFF, 0xFF, 0xC0, 0x07, 0xFF, 0xFF, 0xFF, 0xC0, 0x07,
    0xFF, 0xFF, 0xFF, 0xC0, 0x07, 0xFF, 0x00, 0x00, 0x00, 0x07, 0xFF, 0x00, 0x00, 0x00, 0x07, 0xFF,
    0x00, 0x00, 0x00, 0x07, 0xFF, 0x00, 0x00, 0x00, 0x07, 0xFF, 0x00, 0x00, 0x00, 0x07, 0xFF, 0x00,
    0x00, 0x00, 0x07, 0xFF, 0x00, 0x00, 0x00, 0x07, 0xFF, 0x00, 0x00, 0x00, 0x07, 0xFF, 0xFF, 0xFF,
    0x80, 0x07, 0xFF, 0xFF, 0xFF, 0x80, 0x07, 0xFF, 0xFF, 0xFF, 0x80, 0x07, 0xFF, 0xFF, 0xFF, 0x80,
    0x07, 0xFF, 0xFF, 0xFF, 0x80, 0x07, 0xFF, 0xFF, 0xFF, 0x80, 0x07, 0xFF, 0xFF, 0xFF, 0x80, 0x07,
    0xFF, 0xFF, 0xFF, 0x80, 0x07, 0xFF, 0x00, 0x00, 0x00, 0x07, 0xFF, 0x00, 0x00, 0x00, 0x07, 0xFF,
    0x00, 0x00, 0x00, 0x07, 0xFF, 0x00, 0x00, 0x00, 0x07, 0xFF, 0x00, 0x00, 0x00, 0x07, 0xFF, 0x00,
    0x00, 0x00, 0x07, 0xFF, 0x00, 0x00, 0x00, 0x07, 0xFF, 0x00, 0x00, 0x00, 0x07, 0xFF, 0x00, 0x00,
    0x00, 0x07, 0xFF, 0x00, 0x00, 0x00, 0x07, 0xFF, 0x00, 0x00, 0x00, 0x07, 0xFF, 0x00, 0x00, 0x00,
    0x07, 0xFF, 0x00, 0x00, 0x00, 0x07, 0xFF, 0x00, 0x00, 0x00, 0x07, 0xFF, 0x00, 0x00, 0x00, 0x07,
    0xFF, 0x00, 0x00, 0x00, 0x07, 0xFF, 0x00, 0x00, 0x00, 0x07, 0xFF, 0x00, 0x00, 0x00, 0x00, 0x00,
    0x0F, 0xFF, 0x00, 0x00, 0x00, 0x00, 0xFF, 0xFF, 0xF8, 0x00, 0x00, 0x03, 0xFF, 0xFF, 0xFE, 0x00,
    0x00, 0x0F, 0xFF, 0xFF, 0xFF, 0x80, 0x00, 0x1F, 0xFF, 0xFF, 0xFF, 0x80, 0x00, 0x3F, 0xFF, 0xFF,
    0xFF, 0x80, 0x00, 0x7F, 0xFF, 0xFF, 0xFF, 0x80, 0x00, 0xFF, 0xFF, 0xFF, 0xFF, 0x80, 0x01, 0xFF,
    0xFE, 0x00, 0xFF, 0x80, 0x03, 0xFF, 0xF0, 0x00, 0x0F, 0x80, 0x03, 0xFF, 0xE0, 0x00, 0x03, 0x80,
    0x07, 0xFF, 0xC0, 0x00, 0x00, 0x80, 0x07, 0xFF, 0x80, 0x00, 0x00, 0x00, 0x0F, 0xFF, 0x00, 0x00,
    0x00, 0x00, 0x0F, 0xFE, 0x00, 0x00, 0x00, 0x00, 0x0F, 0xFE, 0x00, 0x00, 0x00, 0x00, 0x1F, 0xFE,
    0x00, 0x00, 0x00, 0x00, 0x1F, 0xFC, 0x00, 0x00, 0x00, 0x00, 0x1F, 0xFC, 0x00, 0x00, 0x00, 0x00,
    0x1F, 0xFC, 0x00, 0x00, 0x00, 0x00, 0x1F, 0xFC, 0x00, 0x3F, 0xFF, 0xE0, 0x1F, 0xFC, 0x00, 0x3F,
    0xFF, 0xE0, 0x1F, 0xFC, 0x00, 0x3F, 0xFF, 0xE0, 0x1F, 0xFC, 0x00, 0x3F, 0xFF, 0xE0, 0x1F, 0xFC,
    0x00, 0x3F, 0xFF, 0xE0, 0x1F, 0xFC, 0x00, 0x3F, 0xFF, 0xE0, 0x1F, 0xFC, 0x00, 0x3F, 0xFF, 0xE0,
    0x1F, 0xFE, 0x00, 0x00, 0x7F, 0xE0, 0x0F, 0xFE, 0x00, 0x00, 0x7F, 0xE0, 0x0F, 0xFE, 0x00, 0x00,
    0x7F, 0xE0, 0x0F, 0xFF, 0x00, 0x00, 0x7F, 0xE0, 0x07, 0xFF, 0x80, 0x00, 0x7F, 0xE0, 0x07, 0xFF,
    0xC0, 0x00, 0x7F, 0xE0, 0x03, 0xFF, 0xE0, 0x00, 0x7F, 0xE0, 0x03, 0xFF, 0xF0, 0x00, 0x7F, 0xE0,
    0x01, 0xFF, 0xFE, 0x00, 0xFF, 0xE0, 0x00, 0xFF, 0xFF, 0xFF, 0xFF, 0xE0, 0x00, 0x7F, 0xFF, 0xFF,
    0xFF, 0xE0, 0x00, 0x3F, 0xFF, 0xFF, 0xFF, 0xE0, 0x00, 0x1F, 0xFF, 0xFF, 0xFF, 0xE0, 0x00, 0x0F,
    0xFF, 0xFF, 0xFF, 0xC0, 0x00, 0x03, 0xFF, 0xFF, 0xFE, 0x00, 0x00, 0x00, 0xFF, 0xFF, 0xF0, 0x00,
    0x00, 0x00, 0x0F, 0xFF, 0x00, 0x00, 0x07, 0xFF, 0x00, 0x00, 0xFF, 0xE0, 0x03, 0xFF, 0x80, 0x00,
    0x7F, 0xF0, 0x01, 0xFF, 0xC0, 0x00, 0x3F, 0xF8, 0x00, 0xFF, 0xE0, 0x00, 0x1F, 0xFC, 0x00, 0x7F,
    0xF0, 0x00, 0x0F, 0xFE, 0x00, 0x3F, 0xF8, 0x00, 0x07, 0xFF, 0x00, 0x1F, 0xFC, 0x00, 0x03, 0xFF,
    0x80, 0x0F, 0xFE, 0x00, 0x01, 0xFF, 0xC0, 0x07, 0xFF, 0x00, 0x00, 0xFF, 0xE0, 0x03, 0xFF, 0x80,
    0x00, 0x7F, 0xF0, 0x01, 0xFF, 0xC0, 0x00, 0x3F, 0xF8, 0x00, 0xFF, 0xE0, 0x00, 0x1F, 0xFC, 0x00,
    0x7F, 0xF0, 0x00, 0x0F, 0xFE, 0x00, 0x3F, 0xF8, 0x00, 0x07, 0xFF, 0x00, 0x1F, 0xFC, 0x00, 0x03,
    0xFF, 0x80, 0x0F, 0xFE, 0x00, 0x01, 0xFF, 0xC0, 0x07, 0xFF, 0xFF, 0xFF, 0xFF, 0xE0, 0x03, 0xFF,
    0xFF, 0xFF, 0xFF, 0xF0, 0x01, 0xFF, 0xFF, 0xFF, 0xFF, 0xF8, 0x00, 0xFF, 0xFF, 0xFF, 0xFF, 0xFC,
    0x00, 0x7F, 0xFF, 0xFF, 0xFF, 0xFE, 0x00, 0x3F, 0xFF, 0xFF, 0xFF, 0xFF, 0x00, 0x1F, 0xFF, 0xFF,
    0xFF, 0xFF, 0x80, 0x0F, 0xFF, 0xFF, 0xFF, 0xFF, 0xC0, 0x07, 0xFF, 0x00, 0x00, 0xFF, 0xE0, 0x03,
    0xFF, 0x80, 0x00, 0x7F, 0xF0, 0x01, 0xFF, 0xC0, 0x00, 0x3F, 0xF8, 0x00, 0xFF, 0xE0, 0x00, 0x1F,
    0xFC, 0x00, 0x7F, 0xF0, 0x00, 0x0F, 0xFE, 0x00, 0x3F, 0xF8, 0x00, 0x07, 0xFF, 0x00, 0x1F, 0xFC,
    0x00, 0x03, 0xFF, 0x80, 0x0F, 0xFE, 0x00, 0x01, 0xFF, 0xC0, 0x07, 0xFF, 0x00, 0x00, 0xFF, 0xE0,
    0x03, 0xFF, 0x80, 0x00, 0x7F, 0xF0, 0x01, 0xFF, 0xC0, 0x00, 0x3F, 0xF8, 0x00, 0xFF, 0xE0, 0x00,
    0x1F, 0xFC, 0x00, 0x7F, 0xF0, 0x00, 0x0F, 0xFE, 0x00, 0x3F, 0xF8, 0x00, 0x07, 0xFF, 0x00, 0x1F,
    0xFC, 0x00, 0x03, 0xFF, 0x80, 0x0F, 0xFE, 0x00, 0x01, 0xFF, 0xC0, 0x07, 0xFF, 0x00, 0x00, 0xFF,
    0xE0, 0x03, 0xFF, 0x80, 0x00, 0x7F, 0xF0, 0x00, 0x07, 0xFF, 0x00, 0x1F, 0xFC, 0x00, 0x7F, 0xF0,
    0x01, 0xFF, 0xC0, 0x07, 0xFF, 0x00, 0x1F, 0xFC, 0x00, 0x7F, 0xF0, 0x01, 0xFF, 0xC0, 0x07, 0xFF,
    0x00, 0x1F, 0xFC, 0x00, 0x7F, 0xF0, 0x01, 0xFF, 0xC0, 0x07, 0xFF, 0x00, 0x1F, 0xFC, 0x00, 0x7F,
    0xF0, 0x01, 0xFF, 0xC0, 0x07, 0xFF, 0x00, 0x1F, 0xFC, 0x00, 0x7F, 0xF0, 0x01, 0xFF, 0xC0, 0x07,
    0xFF, 0x00, 0x1F, 0xFC, 0x00, 0x7F, 0xF0, 0x01, 0xFF, 0xC0, 0x07, 0xFF, 0x00, 0x1F, 0xFC, 0x00,
    0x7F, 0xF0, 0x01, 0xFF, 0xC0, 0x07, 0xFF, 0x00, 0x1F, 0xFC, 0x00, 0x7F, 0xF0, 0x01, 0xFF, 0xC0,
    0x07, 0xFF, 0x00, 0x1F, 0xFC, 0x00, 0x7F, 0xF0, 0x01, 0xFF, 0xC0, 0x07, 0xFF, 0x00, 0x1F, 0xFC,
    0x00, 0x7F, 0xF0, 0x01, 0xFF, 0xC0, 0x07, 0xFF, 0x00, 0x1F, 0xFC, 0x00, 0x00, 0x7F, 0xF0, 0x00,
    0x1F, 0xFC, 0x00, 0x07, 0xFF, 0x00, 0x01, 0xFF, 0xC0, 0x00, 0x7F, 0xF0, 0x00, 0x1F, 0xFC, 0x00,
    0x07, 0xFF, 0x00, 0x01, 0xFF, 0xC0, 0x00, 0x7F, 0xF0, 0x00, 0x1F, 0xFC, 0x00, 0x07, 0xFF, 0x00,
    0x01, 0xFF, 0xC0, 0x00, 0x7F, 0xF0, 0x00, 0x1F, 0xFC, 0x00, 0x07, 0xFF, 0x00, 0x01, 0xFF, 0xC0,
    0x00, 0x7F, 0xF0, 0x00, 0x1F, 0xFC, 0x00, 0x07, 0xFF, 0x00, 0x01, 0xFF, 0xC0, 0x00, 0x7F, 0xF0,
    0x00, 0x1F, 0xFC, 0x00, 0x07, 0xFF, 0x00, 0x01, 0xFF, 0xC0, 0x00, 0x7F, 0xF0, 0x00, 0x1F, 0xFC,
    0x00, 0x07, 0xFF, 0x00, 0x01, 0xFF, 0xC0, 0x00, 0x7F, 0xF0, 0x00, 0x1F, 0xFC, 0x00, 0x07, 0xFF,
    0x00, 0x01, 0xFF, 0xC0, 0x00, 0x7F, 0xF0, 0x00, 0x1F, 0xFC, 0x00, 0x07, 0xFF, 0x00, 0x01, 0xFF,
    0xC0, 0x00, 0x7F, 0xF0, 0x00, 0x1F, 0xFC, 0x00, 0x07, 0xFF, 0x00, 0x01, 0xFF, 0xC0, 0x00, 0x7F,
    0xF0, 0x00, 0x1F, 0xFC, 0x00, 0x0F, 0xFF, 0x00, 0x03, 0xFF, 0x80, 0x01, 0xFF, 0xE0, 0x01, 0xFF,
    0xF8, 0x0F, 0xFF, 0xFC, 0x03, 0xFF, 0xFF, 0x00, 0xFF, 0xFF, 0x80, 0x3F, 0xFF, 0xC0, 0x0F, 0xFF,
    0xE0, 0x03, 0xFF, 0xF0, 0x00, 0xFF, 0xF0, 0x00, 0x3F, 0xC0, 0x00, 0x00, 0x07, 0xFF, 0x00, 0x01,
    0xFF, 0xF0, 0x1F, 0xFC, 0x00, 0x0F, 0xFF, 0x80, 0x7F, 0xF0, 0x00, 0x7F, 0xF8, 0x01, 0xFF, 0xC0,
    0x03, 0xFF, 0xC0, 0x07, 0xFF, 0x00, 0x1F, 0xFE, 0x00, 0x1F, 0xFC, 0x00, 0xFF, 0xF0, 0x00, 0x7F,
    0xF0, 0x07, 0xFF, 0x80, 0x01, 0xFF, 0xC0, 0x3F, 0xFC, 0x00, 0x07, 0xFF, 0x01, 0xFF, 0xE0, 0x00,
    0x1F, 0xFC, 0x0F, 0xFF, 0x00, 0x00, 0x7F, 0xF0, 0x7F, 0xF8, 0x00, 0x01, 0xFF, 0xC3, 0xFF, 0xC0,
    0x00, 0x07, 0xFF, 0x1F, 0xFE, 0x00, 0x00, 0x1F, 0xFC, 0xFF, 0xF0, 0x00, 0x00, 0x7F, 0xF7, 0xFF,
    0x80, 0x00, 0x01, 0xFF, 0xFF, 0xFC, 0x00, 0x00, 0x07, 0xFF, 0xFF, 0xE0, 0x00, 0x00, 0x1F, 0xFF,
    0xFF, 0x00, 0x00, 0x00, 0x7F, 0xFF, 0xF8, 0x00, 0x00, 0x01, 0xFF, 0xFF, 0xC0, 0x00, 0x00, 0x07,
    0xFF, 0xFF, 0x80, 0x00, 0x00, 0x1F, 0xFF, 0xFF, 0x00, 0x00, 0x00, 0x7F, 0xFF, 0xFE, 0x00, 0x00,
    0x01, 0xFF, 0xFF, 0xFC, 0x00, 0x00, 0x07, 0xFF, 0xFF, 0xF8, 0x00, 0x00, 0x1F, 0xFF, 0xFF, 0xF0,
    0x00, 0x00, 0x7F, 0xF7, 0xFF, 0xE0, 0x00, 0x01, 0xFF, 0xCF, 0xFF, 0xC0, 0x00, 0x07, 0xFF, 0x1F,
    0xFF, 0x80, 0x00, 0x1F, 0xFC, 0x3F, 0xFF, 0x00, 0x00, 0x7F, 0xF0, 0x7F, 0xFE, 0x00, 0x01, 0xFF,
    0xC0, 0xFF, 0xFC, 0x00, 0x07, 0xFF, 0x01, 0xFF, 0xF8, 0x00, 0x1F, 0xFC, 0x03, 0xFF, 0xF0, 0x00,
    0x7F, 0xF0, 0x07, 0xFF, 0xE0, 0x01, 0xFF, 0xC0, 0x0F, 0xFF, 0xC0, 0x07, 0xFF, 0x00, 0x1F, 0xFF,
    0x80, 0x1F, 0xFC, 0x00, 0x3F, 0xFF, 0x00, 0x7F, 0xF0, 0x00, 0x7F, 0xFE, 0x01, 0xFF, 0xC0, 0x00,
    0xFF, 0xFC, 0x07, 0xFF, 0x00, 0x01, 0xFF, 0xF8, 0x1F, 0xFC, 0x00, 0x03, 0xFF, 0xF0, 0x07, 0xFF,
    0x00, 0x00, 0x00, 0x3F, 0xF8, 0x00, 0x00, 0x01, 0xFF, 0xC0, 0x00, 0x00, 0x0F, 0xFE, 0x00, 0x00,
    0x00, 0x7F, 0xF0, 0x00, 0x00, 0x03, 0xFF, 0x80, 0x00, 0x00, 0x1F, 0xFC, 0x00, 0x00, 0x00, 0xFF,
    0xE0, 0x00, 0x00, 0x07, 0xFF, 0x00, 0x00, 0x00, 0x3F, 0xF8, 0x00, 0x00, 0x01, 0xFF, 0xC0, 0x00,
    0x00, 0x0F, 0xFE, 0x00, 0x00, 0x00, 0x7F, 0xF0, 0x00, 0x00, 0x03, 0xFF, 0x80, 0x00, 0x00, 0x1F,
    0xFC, 0x00, 0x00, 0x00, 0xFF, 0xE0, 0x00, 0x00, 0x07, 0xFF, 0x00, 0x00, 0x00, 0x3F, 0xF8, 0x00,
    0x00, 0x01, 0xFF, 0xC0, 0x00, 0x00, 0x0F, 0xFE, 0x00, 0x00, 0x00, 0x7F, 0xF0, 0x00, 0x00, 0x03,
    0xFF, 0x80, 0x00, 0x00, 0x1F, 0xFC, 0x00, 0x00, 0x00, 0xFF, 0xE0, 0x00, 0x00, 0x07, 0xFF, 0x00,
    0x00, 0x00, 0x3F, 0xF8, 0x00, 0x00, 0x01, 0xFF, 0xC0, 0x00, 0x00, 0x0F, 0xFE, 0x00, 0x00, 0x00,
    0x7F, 0xF0, 0x00, 0x00, 0x03, 0xFF, 0x80, 0x00, 0x00, 0x1F, 0xFC, 0x00, 0x00, 0x00, 0xFF, 0xE0,
    0x00, 0x00, 0x07, 0xFF, 0x00, 0x00, 0x00, 0x3F, 0xF8, 0x00, 0x00, 0x01, 0xFF, 0xFF, 0xFF, 0xF8,
    0x0F, 0xFF, 0xFF, 0xFF, 0xC0, 0x7F, 0xFF, 0xFF, 0xFE, 0x03, 0xFF, 0xFF, 0xFF, 0xF0, 0x1F, 0xFF,
    0xFF, 0xFF, 0x80, 0xFF, 0xFF, 0xFF, 0xFC, 0x07, 0xFF, 0xFF, 0xFF, 0xE0, 0x3F, 0xFF, 0xFF, 0xFF,
    0x00, 0x07, 0xFF, 0xE0, 0x00, 0x03, 0xFF, 0xF0, 0x01, 0xFF, 0xF8, 0x00, 0x00, 0xFF, 0xFC, 0x00,
    0x7F, 0xFF, 0x00, 0x00, 0x7F, 0xFF, 0x00, 0x1F, 0xFF, 0xC0, 0x00, 0x1F, 0xFF, 0xC0, 0x07, 0xFF,
    0xF8, 0x00, 0x0F, 0xFF, 0xF0, 0x01, 0xFF, 0xFE, 0x00, 0x03, 0xFF, 0xFC, 0x00, 0x7F, 0xFF, 0x80,
    0x00, 0xFF, 0xFF, 0x00, 0x1F, 0xFF, 0xF0, 0x00, 0x7F, 0xFF, 0xC0, 0x07, 0xFF, 0xFC, 0x00, 0x1F,
    0xFF, 0xF0, 0x01, 0xFF, 0xFF, 0x80, 0x0F, 0xFF, 0xFC, 0x00, 0x7F, 0xFF, 0xE0, 0x03, 0xFF, 0xFF,
    0x00, 0x1F, 0xFF, 0xFC, 0x01, 0xFF, 0xFF, 0xC0, 0x07, 0xFE, 0xFF, 0x00, 0x7F, 0xBF, 0xF0, 0x01,
    0xFF, 0xBF, 0xE0, 0x3F, 0xEF, 0xFC, 0x00, 0x7F, 0xEF, 0xF8, 0x0F, 0xFB, 0xFF, 0x00, 0x1F, 0xF9,
    0xFE, 0x03, 0xFC, 0xFF, 0xC0, 0x07, 0xFE, 0x7F, 0xC1, 0xFF, 0x3F, 0xF0, 0x01, 0xFF, 0x8F, 0xF0,
    0x7F, 0x8F, 0xFC, 0x00, 0x7F, 0xE3, 0xFE, 0x3F, 0xE3, 0xFF, 0x00, 0x1F, 0xF8, 0x7F, 0x8F, 0xF0,
    0xFF, 0xC0, 0x07, 0xFE, 0x1F, 0xF7, 0xFC, 0x3F, 0xF0, 0x01, 0xFF, 0x87, 0xFD, 0xFF, 0x0F, 0xFC,
    0x00, 0x7F, 0xE0, 0xFF, 0xFF, 0x83, 0xFF, 0x00, 0x1F, 0xF8, 0x3F, 0xFF, 0xE0, 0xFF, 0xC0, 0x07,
    0xFE, 0x07, 0xFF, 0xF0, 0x3F, 0xF0, 0x01, 0xFF, 0x81, 0xFF, 0xFC, 0x0F, 0xFC, 0x00, 0x7F, 0xE0,
    0x3F, 0xFE, 0x03, 0xFF, 0x00, 0x1F, 0xF8, 0x0F, 0xFF, 0x80, 0xFF, 0xC0, 0x07, 0xFE, 0x01, 0xFF,
    0xC0, 0x3F, 0xF0, 0x01, 0xFF, 0x80, 0x7F, 0xF0, 0x0F, 0xFC, 0x00, 0x7F, 0xE0, 0x1F, 0xFC, 0x03,
    0xFF, 0x00, 0x1F, 0xF8, 0x03, 0xFE, 0x00, 0xFF, 0xC0, 0x07, 0xFE, 0x00, 0xFF, 0x80, 0x3F, 0xF0,
    0x01, 0xFF, 0x80, 0x1F, 0xC0, 0x0F, 0xFC, 0x00, 0x7F, 0xE0, 0x00, 0x00, 0x03, 0xFF, 0x00, 0x1F,
    0xF8, 0x00, 0x00, 0x00, 0xFF, 0xC0, 0x07, 0xFE, 0x00, 0x00, 0x00, 0x3F, 0xF0, 0x01, 0xFF, 0x80,
    0x00, 0x00, 0x0F, 0xFC, 0x00, 0x7F, 0xE0, 0x00, 0x00, 0x03, 0xFF, 0x00, 0x1F, 0xF8, 0x00, 0x00,
    0x00, 0xFF, 0xC0, 0x07, 0xFE, 0x00, 0x00, 0x00, 0x3F, 0xF0, 0x01, 0xFF, 0x80, 0x00, 0x00, 0x0F,
    0xFC, 0x00, 0x07, 0xFF, 0x80, 0x00, 0x7F, 0xE0, 0x03, 0xFF, 0xE0, 0x00, 0x3F, 0xF0, 0x01, 0xFF,
    0xF0, 0x00, 0x1F, 0xF8, 0x00, 0xFF, 0xFC, 0x00, 0x0F, 0xFC, 0x00, 0x7F, 0xFE, 0x00, 0x07, 0xFE,
    0x00, 0x3F, 0xFF, 0x80, 0x03, 0xFF, 0x00, 0x1F, 0xFF, 0xE0, 0x01, 0xFF, 0x80, 0x0F, 0xFF, 0xF0,
    0x00, 0xFF, 0xC0, 0x07, 0xFF, 0xFC, 0x00, 0x7F, 0xE0, 0x03, 0xFF, 0xFE, 0x00, 0x3F, 0xF0, 0x01,
    0xFF, 0xFF, 0x80, 0x1F, 0xF8, 0x00, 0xFF, 0xFF, 0xC0, 0x0F, 0xFC, 0x00, 0x7F, 0xFF, 0xF0, 0x07,
    0xFE, 0x00, 0x3F, 0xFF, 0xF8, 0x03, 0xFF, 0x00, 0x1F, 0xFB, 0xFE, 0x01, 0xFF, 0x80, 0x0F, 0xFD,
    0xFF, 0x80, 0xFF, 0xC0, 0x07, 0xFE, 0x7F, 0xC0, 0x7F, 0xE0, 0x03, 0xFF, 0x3F, 0xF0, 0x3F, 0xF0,
    0x01, 0xFF, 0x8F, 0xF8, 0x1F, 0xF8, 0x00, 0xFF, 0xC3, 0xFE, 0x0F, 0xFC, 0x00, 0x7F, 0xE1, 0xFF,
    0x07, 0xFE, 0x00, 0x3F, 0xF0, 0x7F, 0xC3, 0xFF, 0x00, 0x1F, 0xF8, 0x3F, 0xE1, 0xFF, 0x80, 0x0F,
    0xFC, 0x0F, 0xF8, 0xFF, 0xC0, 0x07, 0xFE, 0x07, 0xFE, 0x7F, 0xE0, 0x03, 0xFF, 0x01, 0xFF, 0x3F,
    0xF0, 0x01, 0xFF, 0x80, 0xFF, 0xDF, 0xF8, 0x00, 0xFF, 0xC0, 0x3F, 0xEF, 0xFC, 0x00, 0x7F, 0xE0,
    0x0F, 0xFF, 0xFE, 0x00, 0x3F, 0xF0, 0x07, 0xFF, 0xFF, 0x00, 0x1F, 0xF8, 0x01, 0xFF, 0xFF, 0x80,
    0x0F, 0xFC, 0x00, 0xFF, 0xFF, 0xC0, 0x07, 0xFE, 0x00, 0x3F, 0xFF, 0xE0, 0x03, 0xFF, 0x00, 0x1F,
    0xFF, 0xF0, 0x01, 0xFF, 0x80, 0x07, 0xFF, 0xF8, 0x00, 0xFF, 0xC0, 0x03, 0xFF, 0xFC, 0x00, 0x7F,
    0xE0, 0x00, 0xFF, 0xFE, 0x00, 0x3F, 0xF0, 0x00, 0x3F, 0xFF, 0x00, 0x1F, 0xF8, 0x00, 0x1F, 0xFF,
    0x80, 0x0F, 0xFC, 0x00, 0x07, 0xFF, 0xC0, 0x07, 0xFE, 0x00, 0x03, 0xFF, 0xE0, 0x03, 0xFF, 0x00,
    0x00, 0xFF, 0xF0, 0x00, 0x00, 0x00, 0x1F, 0xFE, 0x00, 0x00, 0x00, 0x00, 0x7F, 0xFF, 0xE0, 0x00,
    0x00, 0x01, 0xFF, 0xFF, 0xFE, 0x00, 0x00, 0x01, 0xFF, 0xFF, 0xFF, 0x80, 0x00, 0x03, 0xFF, 0xFF,
    0xFF, 0xF0, 0x00, 0x03, 0xFF, 0xFF, 0xFF, 0xFC, 0x00, 0x03, 0xFF, 0xFF, 0xFF, 0xFF, 0x00, 0x03,
    0xFF, 0xFF, 0xFF, 0xFF, 0xC0, 0x01, 0xFF, 0xF8, 0x0F, 0xFF, 0xE0, 0x01, 0xFF, 0xF0, 0x00, 0xFF,
    0xF8, 0x01, 0xFF, 0xF0, 0x00, 0x3F, 0xFE, 0x00, 0xFF, 0xF0, 0x00, 0x0F, 0xFF, 0x00, 0x7F, 0xF0,
    0x00, 0x03, 0xFF, 0x80, 0x7F, 0xF8, 0x00, 0x01, 0xFF, 0xE0, 0x3F, 0xF8, 0x00, 0x00, 0x7F, 0xF0,
    0x1F, 0xFC, 0x00, 0x00, 0x3F, 0xF8, 0x1F, 0xFE, 0x00, 0x00, 0x1F, 0xFE, 0x0F, 0xFE, 0x00, 0x00,
    0x07, 0xFF, 0x07, 0xFF, 0x00, 0x00, 0x03, 0xFF, 0x83, 0xFF, 0x80, 0x00, 0x01, 0xFF, 0xC1, 0xFF,
    0xC0, 0x00, 0x00, 0xFF, 0xE0, 0xFF, 0xE0, 0x00, 0x00, 0x7F, 0xF0, 0x7F, 0xF0, 0x00, 0x00, 0x3F,
    0xF8, 0x3F, 0xF8, 0x00, 0x00, 0x1F, 0xFC, 0x1F, 0xFC, 0x00, 0x00, 0x0F, 0xFE, 0x0F, 0xFE, 0x00,
    0x00, 0x07, 0xFF, 0x07, 0xFF, 0x00, 0x00, 0x03, 0xFF, 0x83, 0xFF, 0xC0, 0x00, 0x03, 0xFF, 0xC0,
    0xFF, 0xE0, 0x00, 0x01, 0xFF, 0xC0, 0x7F, 0xF0, 0x00, 0x00, 0xFF, 0xE0, 0x3F, 0xFC, 0x00, 0x00,
    0xFF, 0xF0, 0x0F, 0xFE, 0x00, 0x00, 0x7F, 0xF0, 0x07, 0xFF, 0x80, 0x00, 0x7F, 0xF8, 0x03, 0xFF,
    0xE0, 0x00, 0x7F, 0xF8, 0x00, 0xFF, 0xF8, 0x00, 0x7F, 0xFC, 0x00, 0x3F, 0xFF, 0x80, 0xFF, 0xFC,
    0x00, 0x1F, 0xFF, 0xFF, 0xFF, 0xFE, 0x00, 0x07, 0xFF, 0xFF, 0xFF, 0xFE, 0x00, 0x01, 0xFF, 0xFF,
    0xFF, 0xFE, 0x00, 0x00, 0x7F, 0xFF, 0xFF, 0xFE, 0x00, 0x00, 0x0F, 0xFF, 0xFF, 0xFC, 0x00, 0x00,
    0x03, 0xFF, 0xFF, 0xF8, 0x00, 0x00, 0x00, 0x3F, 0xFF, 0xF0, 0x00, 0x00, 0x00, 0x03, 0xFF, 0xC0,
    0x00, 0x00, 0x07, 0xFF, 0xFF, 0xF8, 0x00, 0x00, 0xFF, 0xFF, 0xFF, 0xE0, 0x00, 0x1F, 0xFF, 0xFF,
    0xFF, 0x00, 0x03, 0xFF, 0xFF, 0xFF, 0xF8, 0x00, 0x7F, 0xFF, 0xFF, 0xFF, 0x80, 0x0F, 0xFF, 0xFF,
    0xFF, 0xF0, 0x01, 0xFF, 0xFF, 0xFF, 0xFF, 0x00, 0x3F, 0xFF, 0xFF, 0xFF, 0xF0, 0x07, 0xFF, 0x00,
    0x7F, 0xFE, 0x00, 0xFF, 0xE0, 0x03, 0xFF, 0xC0, 0x1F, 0xFC, 0x00, 0x3F, 0xFC, 0x03, 0xFF, 0x80,
    0x03, 0xFF, 0x80, 0x7F, 0xF0, 0x00, 0x7F, 0xF0, 0x0F, 0xFE, 0x00, 0x0F, 0xFE, 0x01, 0xFF, 0xC0,
    0x01, 0xFF, 0xC0, 0x3F, 0xF8, 0x00, 0x3F, 0xF8, 0x07, 0xFF, 0x00, 0x07, 0xFF, 0x00, 0xFF, 0xE0,
    0x01, 0xFF, 0xE0, 0x1F, 0xFC, 0x00, 0x7F, 0xF8, 0x03, 0xFF, 0x80, 0x3F, 0xFF, 0x00, 0x7F, 0xFF,
    0xFF, 0xFF, 0xE0, 0x0F, 0xFF, 0xFF, 0xFF, 0xF8, 0x01, 0xFF, 0xFF, 0xFF, 0xFE, 0x00, 0x3F, 0xFF,
    0xFF, 0xFF, 0xC0, 0x07, 0xFF, 0xFF, 0xFF, 0xF0, 0x00, 0xFF, 0xFF, 0xFF, 0xF8, 0x00, 0x1F, 0xFF,
    0xFF, 0xFC, 0x00, 0x03, 0xFF, 0xFF, 0xFC, 0x00, 0x00, 0x7F, 0xF0, 0x00, 0x00, 0x00, 0x0F, 0xFE,
    0x00, 0x00, 0x00, 0x01, 0xFF, 0xC0, 0x00, 0x00, 0x00, 0x3F, 0xF8, 0x00, 0x00, 0x00, 0x07, 0xFF,
    0x00, 0x00, 0x00, 0x00, 0xFF, 0xE0, 0x00, 0x00, 0x00, 0x1F, 0xFC, 0x00, 0x00, 0x00, 0x03, 0xFF,
    0x80, 0x00, 0x00, 0x00, 0x7F, 0xF0, 0x00, 0x00, 0x00, 0x0F, 0xFE, 0x00, 0x00, 0x00, 0x01, 0xFF,
    0xC0, 0x00, 0x00, 0x00, 0x3F, 0xF8, 0x00, 0x00, 0x00, 0x07, 0xFF, 0x00, 0x00, 0x00, 0x00, 0xFF,
    0xE0, 0x00, 0x00, 0x00, 0x00, 0x00, 0x1F, 0xFE, 0x00, 0x00, 0x00, 0x00, 0x7F, 0xFF, 0xE0, 0x00,
    0x00, 0x01, 0xFF, 0xFF, 0xFE, 0x00, 0x00, 0x01, 0xFF, 0xFF, 0xFF, 0x80, 0x00, 0x03, 0xFF, 0xFF,
    0xFF, 0xF0, 0x00, 0x03, 0xFF, 0xFF, 0xFF, 0xFC, 0x00, 0x03, 0xFF, 0xFF, 0xFF, 0xFF, 0x00, 0x03,
    0xFF, 0xFF, 0xFF, 0xFF, 0xC0, 0x01, 0xFF, 0xF8, 0x0F, 0xFF, 0xE0, 0x01, 0xFF, 0xF0, 0x00, 0xFF,
    0xF8, 0x01, 0xFF, 0xF0, 0x00, 0x3F, 0xFE, 0x00, 0xFF, 0xF0, 0x00, 0x0F, 0xFF, 0x00, 0x7F, 0xF0,
    0x00, 0x03, 0xFF, 0x80, 0x7F, 0xF8, 0x00, 0x01, 0xFF, 0xE0, 0x3F, 0xF8, 0x00, 0x00, 0x7F, 0xF0,
    0x1F, 0xFC, 0x00, 0x00, 0x3F, 0xF8, 0x1F, 0xFE, 0x00, 0x00, 0x1F, 0xFE, 0x0F, 0xFE, 0x00, 0x00,
    0x07, 0xFF, 0x07, 0xFF, 0x00, 0x00, 0x03, 0xFF, 0x83, 0xFF, 0x80, 0x00, 0x01, 0xFF, 0xC1, 0xFF,
    0xC0, 0x00, 0x00, 0xFF, 0xE0, 0xFF, 0xE0, 0x00, 0x00, 0x7F, 0xF0, 0x7F, 0xF0, 0x00, 0x00, 0x3F,
    0xF8, 0x3F, 0xF8, 0x00, 0x00, 0x1F, 0xFC, 0x1F, 0xFC, 0x00, 0x00, 0x0F, 0xFE, 0x0F, 0xFE, 0x00,
    0x00, 0x07, 0xFF, 0x07, 0xFF, 0x00, 0x00, 0x03, 0xFF, 0x83, 0xFF, 0xC0, 0x00, 0x03, 0xFF, 0xC0,
    0xFF, 0xE0, 0x00, 0x01, 0xFF, 0xC0, 0x7F, 0xF0, 0x00, 0x00, 0xFF, 0xE0, 0x3F, 0xFC, 0x00, 0x00,
    0xFF, 0xF0, 0x0F, 0xFE, 0x00, 0x00, 0x7F, 0xF0, 0x07, 0xFF, 0x80, 0x00, 0x7F, 0xF8, 0x03, 0xFF,
    0xE0, 0x00, 0x7F, 0xFC, 0x00, 0xFF, 0xF8, 0x00, 0x7F, 0xFC, 0x00, 0x3F, 0xFF, 0x00, 0xFF, 0xFC,
    0x00, 0x1F, 0xFF, 0xFF, 0xFF, 0xFE, 0x00, 0x07, 0xFF, 0xFF, 0xFF, 0xFE, 0x00, 0x01, 0xFF, 0xFF,
    0xFF, 0xFE, 0x00, 0x00, 0x7F, 0xFF, 0xFF, 0xFE, 0x00, 0x00, 0x0F, 0xFF, 0xFF, 0xFC, 0x00, 0x00,
    0x03, 0xFF, 0xFF, 0xFC, 0x00, 0x00, 0x00, 0x3F, 0xFF, 0xFC, 0x00, 0x00, 0x00, 0x03, 0xFF, 0xFF,
    0x00, 0x00, 0x00, 0x00, 0x01, 0xFF, 0xC0, 0x00, 0x00, 0x00, 0x00, 0x7F, 0xF0, 0x00, 0x00, 0x00,
    0x00, 0x1F, 0xFC, 0x00, 0x00, 0x00, 0x00, 0x07, 0xFE, 0x00, 0x00, 0x00, 0x00, 0x01, 0xFF, 0x80,
    0x00, 0x00, 0x00, 0x00, 0x7F, 0xE0, 0x00, 0x00, 0x00, 0x00, 0x1F, 0xF8, 0x00, 0x07, 0xFF, 0xFF,
    0xF0, 0x00, 0x00, 0x3F, 0xFF, 0xFF, 0xF8, 0x00, 0x01, 0xFF, 0xFF, 0xFF, 0xF0, 0x00, 0x0F, 0xFF,
    0xFF, 0xFF, 0xC0, 0x00, 0x7F, 0xFF, 0xFF, 0xFF, 0x00, 0x03, 0xFF, 0xFF, 0xFF, 0xFC, 0x00, 0x1F,
    0xFF, 0xFF, 0xFF, 0xE0, 0x00, 0xFF, 0xFF, 0xFF, 0xFF, 0x00, 0x07, 0xFF, 0x00, 0xFF, 0xFC, 0x00,
    0x3F, 0xF8, 0x01, 0xFF, 0xE0, 0x01, 0xFF, 0xC0, 0x07, 0xFF, 0x00, 0x0F, 0xFE, 0x00, 0x3F, 0xF8,
    0x00, 0x7F, 0xF0, 0x01, 0xFF, 0xC0, 0x03, 0xFF, 0x80, 0x0F, 0xFE, 0x00, 0x1F, 0xFC, 0x00, 0x7F,
    0xF0, 0x00, 0xFF, 0xE0, 0x03, 0xFF, 0x00, 0x07, 0xFF, 0x00, 0x3F, 0xF8, 0x00, 0x3F, 0xF8, 0x07,
    0xFF, 0x80, 0x01, 0xFF, 0xFF, 0xFF, 0xFC, 0x00, 0x0F, 0xFF, 0xFF, 0xFF, 0xC0, 0x00, 0x7F, 0xFF,
    0xFF, 0xF8, 0x00, 0x03, 0xFF, 0xFF, 0xFF, 0x00, 0x00, 0x1F, 0xFF, 0xFF, 0xF8, 0x00, 0x00, 0xFF,
    0xFF, 0xFF, 0xF0, 0x00, 0x07, 0xFF, 0xFF, 0xFF, 0xC0, 0x00, 0x3F, 0xFF, 0xFF, 0xFF, 0x00, 0x01,
    0xFF, 0xC0, 0xFF, 0xFC, 0x00, 0x0F, 0xFE, 0x01, 0xFF, 0xE0, 0x00, 0x7F, 0xF0, 0x07, 0xFF, 0x80,
    0x03, 0xFF, 0x80, 0x3F, 0xFC, 0x00, 0x1F, 0xFC, 0x00, 0xFF, 0xF0, 0x00, 0xFF, 0xE0, 0x03, 0xFF,
    0x80, 0x07, 0xFF, 0x00, 0x1F, 0xFE, 0x00, 0x3F, 0xF8, 0x00, 0xFF, 0xF0, 0x01, 0xFF, 0xC0, 0x03,
    0xFF, 0xC0, 0x0F, 0xFE, 0x00, 0x1F, 0xFE, 0x00, 0x7F, 0xF0, 0x00, 0x7F, 0xF0, 0x03, 0xFF, 0x80,
    0x03, 0xFF, 0xC0, 0x1F, 0xFC, 0x00, 0x0F, 0xFE, 0x00, 0xFF, 0xE0, 0x00, 0x7F, 0xF8, 0x07, 0xFF,
    0x00, 0x01, 0xFF, 0xC0, 0x3F, 0xF8, 0x00, 0x0F, 0xFF, 0x00, 0x00, 0x03, 0xFF, 0xC0, 0x00, 0x00,
    0x07, 0xFF, 0xFF, 0xC0, 0x00, 0x07, 0xFF, 0xFF, 0xFC, 0x00, 0x03, 0xFF, 0xFF, 0xFF, 0x00, 0x01,
    0xFF, 0xFF, 0xFF, 0xC0, 0x00, 0xFF, 0xFF, 0xFF, 0xF0, 0x00, 0x3F, 0xFF, 0xFF, 0xFC, 0x00, 0x1F,
    0xFF, 0xFF, 0xFF, 0x00, 0x07, 0xFF, 0x80, 0x3F, 0xC0, 0x03, 0xFF, 0x80, 0x00, 0xF0, 0x00, 0xFF,
    0xC0, 0x00, 0x04, 0x00, 0x3F, 0xF0, 0x00, 0x00, 0x00, 0x0F, 0xFC, 0x00, 0x00, 0x00, 0x03, 0xFF,
    0x00, 0x00, 0x00, 0x00, 0xFF, 0xE0, 0x00, 0x00, 0x00, 0x3F, 0xFC, 0x00, 0x00, 0x00, 0x0F, 0xFF,
    0xE0, 0x00, 0x00, 0x01, 0xFF, 0xFF, 0xC0, 0x00, 0x00, 0x7F, 0xFF, 0xFF, 0x00, 0x00, 0x0F, 0xFF,
    0xFF, 0xF8, 0x00, 0x03, 0xFF, 0xFF, 0xFF, 0x00, 0x00, 0x7F, 0xFF, 0xFF, 0xF0, 0x00, 0x0F, 0xFF,
    0xFF, 0xFE, 0x00, 0x00, 0xFF, 0xFF, 0xFF, 0x80, 0x00, 0x0F, 0xFF, 0xFF, 0xF0, 0x00, 0x00, 0x7F,
    0xFF, 0xFC, 0x00, 0x00, 0x00, 0xFF, 0xFF, 0x80, 0x00, 0x00, 0x03, 0xFF, 0xE0, 0x00, 0x00, 0x00,
    0x3F, 0xF8, 0x00, 0x00, 0x00, 0x0F, 0xFE, 0x00, 0x00, 0x00, 0x01, 0xFF, 0x80, 0x00, 0x00, 0x00,
    0x7F, 0xE0, 0x08, 0x00, 0x00, 0x1F, 0xF8, 0x03, 0x80, 0x00, 0x0F, 0xFE, 0x00, 0xFC, 0x00, 0x03,
    0xFF, 0x00, 0x3F, 0xF0, 0x03, 0xFF, 0xC0, 0x0F, 0xFF, 0xFF, 0xFF, 0xF0, 0x03, 0xFF, 0xFF, 0xFF,
    0xF8, 0x00, 0xFF, 0xFF, 0xFF, 0xFE, 0x00, 0x3F, 0xFF, 0xFF, 0xFF, 0x00, 0x0F, 0xFF, 0xFF, 0xFF,
    0x80, 0x01, 0xFF, 0xFF, 0xFF, 0x80, 0x00, 0x07, 0xFF, 0xFF, 0x80, 0x00, 0x00, 0x1F, 0xFF, 0x00,
    0x00, 0xFF, 0xFF, 0xFF, 0xFF, 0xFE, 0xFF, 0xFF, 0xFF, 0xFF, 0xFE, 0xFF, 0xFF, 0xFF, 0xFF, 0xFE,
    0xFF, 0xFF, 0xFF, 0xFF, 0xFE, 0xFF, 0xFF, 0xFF, 0xFF, 0xFE, 0xFF, 0xFF, 0xFF, 0xFF, 0xFE, 0xFF,
    0xFF, 0xFF, 0xFF, 0xFE, 0xFF, 0xFF, 0xFF, 0xFF, 0xFE, 0x00, 0x03, 0xFF, 0x80, 0x00, 0x00, 0x03,
    0xFF, 0x80, 0x00, 0x00, 0x03, 0xFF, 0x80, 0x00, 0x00, 0x03, 0xFF, 0x80, 0x00, 0x00, 0x03, 0xFF,
    0x80, 0x00, 0x00, 0x03, 0xFF, 0x80, 0x00, 0x00, 0x03, 0xFF, 0x80, 0x00, 0x00, 0x03, 0xFF, 0x80,
    0x00, 0x00, 0x03, 0xFF, 0x80, 0x00, 0x00, 0x03, 0xFF, 0x80, 0x00, 0x00, 0x03, 0xFF, 0x80, 0x00,
    0x00, 0x03, 0xFF, 0x80, 0x00, 0x00, 0x03, 0xFF, 0x80, 0x00, 0x00, 0x03, 0xFF, 0x80, 0x00, 0x00,
    0x03, 0xFF, 0x80, 0x00, 0x00, 0x03, 0xFF, 0x80, 0x00, 0x00, 0x03, 0xFF, 0x80, 0x00, 0x00, 0x03,
    0xFF, 0x80, 0x00, 0x00, 0x03, 0xFF, 0x80, 0x00, 0x00, 0x03, 0xFF, 0x80, 0x00, 0x00, 0x03, 0xFF,
    0x80, 0x00, 0x00, 0x03, 0xFF, 0x80, 0x00, 0x00, 0x03, 0xFF, 0x80, 0x00, 0x00, 0x03, 0xFF, 0x80,
    0x00, 0x00, 0x03, 0xFF, 0x80, 0x00, 0x00, 0x03, 0xFF, 0x80, 0x00, 0x00, 0x03, 0xFF, 0x80, 0x00,
    0x00, 0x03, 0xFF, 0x80, 0x00, 0x00, 0x03, 0xFF, 0x80, 0x00, 0x00, 0x03, 0xFF, 0x80, 0x00, 0x00,
    0x03, 0xFF, 0x80, 0x00, 0x00, 0x03, 0xFF, 0x80, 0x00, 0x00, 0x03, 0xFF, 0x80, 0x00, 0x00, 0x03,
    0xFF, 0x80, 0x00, 0x07, 0xFF, 0x00, 0x03, 0xFF, 0x80, 0x0F, 0xFE, 0x00, 0x07, 0xFF, 0x00, 0x1F,
    0xFC, 0x00, 0x0F, 0xFE, 0x00, 0x3F, 0xF8, 0x00, 0x1F, 0xFC, 0x00, 0x7F, 0xF0, 0x00, 0x3F, 0xF8,
    0x00, 0xFF, 0xE0, 0x00, 0x7F, 0xF0, 0x01, 0xFF, 0xC0, 0x00, 0xFF, 0xE0, 0x03, 0xFF, 0x80, 0x01,
    0xFF, 0xC0, 0x07, 0xFF, 0x00, 0x03, 0xFF, 0x80, 0x0F, 0xFE, 0x00, 0x07, 0xFF, 0x00, 0x1F, 0xFC,
    0x00, 0x0F, 0xFE, 0x00, 0x3F, 0xF8, 0x00, 0x1F, 0xFC, 0x00, 0x7F, 0xF0, 0x00, 0x3F, 0xF8, 0x00,
    0xFF, 0xE0, 0x00, 0x7F, 0xF0, 0x01, 0xFF, 0xC0, 0x00, 0xFF, 0xE0, 0x03, 0xFF, 0x80, 0x01, 0xFF,
    0xC0, 0x07, 0xFF, 0x00, 0x03, 0xFF, 0x80, 0x0F, 0xFE, 0x00, 0x07, 0xFF, 0x00, 0x1F, 0xFC, 0x00,
    0x0F, 0xFE, 0x00, 0x3F, 0xF8, 0x00, 0x1F, 0xFC, 0x00, 0x7F, 0xF0, 0x00, 0x3F, 0xF8, 0x00, 0xFF,
    0xE0, 0x00, 0x7F, 0xF0, 0x01, 0xFF, 0xC0, 0x00, 0xFF, 0xE0, 0x03, 0xFF, 0x80, 0x01, 0xFF, 0xC0,
    0x07, 0xFF, 0x00, 0x03, 0xFF, 0x80, 0x0F, 0xFE, 0x00, 0x07, 0xFF, 0x00, 0x1F, 0xFC, 0x00, 0x0F,
    0xFE, 0x00, 0x3F, 0xF8, 0x00, 0x1F, 0xFC, 0x00, 0x7F, 0xF0, 0x00, 0x3F, 0xF8, 0x00, 0xFF, 0xE0,
    0x00, 0x7F, 0xF0, 0x01, 0xFF, 0xE0, 0x01, 0xFF, 0xE0, 0x01, 0xFF, 0xC0, 0x03, 0xFF, 0x80, 0x03,
    0xFF, 0x80, 0x07, 0xFF, 0x00, 0x07, 0xFF, 0x80, 0x1F, 0xFE, 0x00, 0x07, 0xFF, 0xC0, 0xFF, 0xF8,
    0x00, 0x0F, 0xFF, 0xFF, 0xFF, 0xF0, 0x00, 0x0F, 0xFF, 0xFF, 0xFF, 0xC0, 0x00, 0x1F, 0xFF, 0xFF,
    0xFF, 0x80, 0x00, 0x1F, 0xFF, 0xFF, 0xFE, 0x00, 0x00, 0x1F, 0xFF, 0xFF, 0xF8, 0x00, 0x00, 0x0F,
    0xFF, 0xFF, 0xC0, 0x00, 0x00, 0x07, 0xFF, 0xFE, 0x00, 0x00, 0x00, 0x01, 0xFF, 0xE0, 0x00, 0x00,
    0xFF, 0xE0, 0x00, 0x00, 0x7F, 0xF3, 0xFF, 0x00, 0x00, 0x03, 0xFF, 0x1F, 0xFC, 0x00, 0x00, 0x3F,
    0xF8, 0xFF, 0xE0, 0x00, 0x01, 0xFF, 0xC3, 0xFF, 0x00, 0x00, 0x1F, 0xFC, 0x1F, 0xFC, 0x00, 0x00,
    0xFF, 0xE0, 0xFF, 0xE0, 0x00, 0x07, 0xFF, 0x03, 0xFF, 0x80, 0x00, 0x7F, 0xF0, 0x1F, 0xFC, 0x00,
    0x03, 0xFF, 0x80, 0x7F, 0xE0, 0x00, 0x1F, 0xF8, 0x03, 0xFF, 0x80, 0x01, 0xFF, 0xC0, 0x1F, 0xFC,
    0x00, 0x0F, 0xFE, 0x00, 0x7F, 0xE0, 0x00, 0x7F, 0xE0, 0x03, 0xFF, 0x80, 0x07, 0xFF, 0x00, 0x1F,
    0xFC, 0x00, 0x3F, 0xF8, 0x00, 0x7F, 0xE0, 0x01, 0xFF, 0x80, 0x03, 0xFF, 0x80, 0x1F, 0xFC, 0x00,
    0x1F, 0xFC, 0x00, 0xFF, 0xE0, 0x00, 0x7F, 0xF0, 0x0F, 0xFE, 0x00, 0x03, 0xFF, 0x80, 0x7F, 0xF0,
    0x00, 0x0F, 0xFC, 0x03, 0xFF, 0x00, 0x00, 0x7F, 0xF0, 0x3F, 0xF8, 0x00, 0x03, 0xFF, 0x81, 0xFF,
    0xC0, 0x00, 0x0F, 0xFC, 0x0F, 0xFC, 0x00, 0x00, 0x7F, 0xF0, 0xFF, 0xE0, 0x00, 0x03, 0xFF, 0x87,
    0xFF, 0x00, 0x00, 0x0F, 0xFC, 0x3F, 0xF0, 0x00, 0x00, 0x7F, 0xF3, 0xFF, 0x80, 0x00, 0x01, 0xFF,
    0x9F, 0xF8, 0x00, 0x00, 0x0F, 0xFC, 0xFF, 0xC0, 0x00, 0x00, 0x7F, 0xFF, 0xFE, 0x00, 0x00, 0x01,
    0xFF, 0xFF, 0xE0, 0x00, 0x00, 0x0F, 0xFF, 0xFF, 0x00, 0x00, 0x00, 0x7F, 0xFF, 0xF8, 0x00, 0x00,
    0x01, 0xFF, 0xFF, 0x80, 0x00, 0x00, 0x0F, 0xFF, 0xFC, 0x00, 0x00, 0x00, 0x3F, 0xFF, 0xE0, 0x00,
    0x00, 0x01, 0xFF, 0xFE, 0x00, 0x00, 0x00, 0x0F, 0xFF, 0xF0, 0x00, 0x00, 0x00, 0x3F, 0xFF, 0x00,
    0x00, 0x00, 0x01, 0xFF, 0xF8, 0x00, 0x00, 0x00, 0x0F, 0xFF, 0xC0, 0x00, 0x00, 0x3F, 0xF0, 0x00,
    0x1F, 0xF8, 0x00, 0x0F, 0xFC, 0x3F, 0xF8, 0x00, 0x3F, 0xFC, 0x00, 0x1F, 0xFC, 0x1F, 0xF8, 0x00,
    0x3F, 0xFC, 0x00, 0x1F, 0xF8, 0x1F, 0xF8, 0x00, 0x3F, 0xFC, 0x00, 0x1F, 0xF8, 0x1F, 0xF8, 0x00,
    0x3F, 0xFC, 0x00, 0x1F, 0xF8, 0x1F, 0xFC, 0x00, 0x3F, 0xFE, 0x00, 0x3F, 0xF8, 0x0F, 0xFC, 0x00,
    0x7F, 0xFE, 0x00, 0x3F, 0xF0, 0x0F, 0xFC, 0x00, 0x7F, 0xFE, 0x00, 0x3F, 0xF0, 0x0F, 0xFC, 0x00,
    0x7F, 0xFE, 0x00, 0x3F, 0xF0, 0x0F, 0xFE, 0x00, 0x7F, 0xFE, 0x00, 0x7F, 0xF0, 0x0F, 0xFE, 0x00,
    0xFF, 0xFF, 0x00, 0x7F, 0xF0, 0x07, 0xFE, 0x00, 0xFF, 0xFF, 0x00, 0x7F, 0xE0, 0x07, 0xFE, 0x00,
    0xFE, 0x7F, 0x00, 0x7F, 0xE0, 0x07, 0xFF, 0x00, 0xFE, 0x7F, 0x00, 0xFF, 0xE0, 0x07, 0xFF, 0x01,
    0xFE, 0x7F, 0x80, 0xFF, 0xE0, 0x03, 0xFF, 0x01, 0xFE, 0x7F, 0x80, 0xFF, 0xC0, 0x03, 0xFF, 0x01,
    0xFE, 0x3F, 0x80, 0xFF, 0xC0, 0x03, 0xFF, 0x81, 0xFC, 0x3F, 0x80, 0xFF, 0xC0, 0x03, 0xFF, 0x83,
    0xFC, 0x3F, 0xC1, 0xFF, 0xC0, 0x01, 0xFF, 0x83, 0xFC, 0x3F, 0xC1, 0xFF, 0x80, 0x01, 0xFF, 0x83,
    0xFC, 0x3F, 0xC1, 0xFF, 0x80, 0x01, 0xFF, 0x83, 0xF8, 0x1F, 0xC1, 0xFF, 0x80, 0x01, 0xFF, 0xC3,
    0xF8, 0x1F, 0xE3, 0xFF, 0x80, 0x00, 0xFF, 0xC7, 0xF8, 0x1F, 0xE3, 0xFF, 0x00, 0x00, 0xFF, 0xC7,
    0xF8, 0x1F, 0xE3, 0xFF, 0x00, 0x00, 0xFF, 0xC7, 0xF0, 0x0F, 0xE3, 0xFF, 0x00, 0x00, 0xFF, 0xE7,
    0xF0, 0x0F, 0xF7, 0xFF, 0x00, 0x00, 0x7F, 0xEF, 0xF0, 0x0F, 0xF7, 0xFF, 0x00, 0x00, 0x7F, 0xEF,
    0xF0, 0x0F, 0xF7, 0xFE, 0x00, 0x00, 0x7F, 0xEF, 0xE0, 0x07, 0xF7, 0xFE, 0x00, 0x00, 0x7F, 0xFF,
    0xE0, 0x07, 0xFF, 0xFE, 0x00, 0x00, 0x7F, 0xFF, 0xE0, 0x07, 0xFF, 0xFE, 0x00, 0x00, 0x3F, 0xFF,
    0xE0, 0x07, 0xFF, 0xFC, 0x00, 0x00, 0x3F, 0xFF, 0xC0, 0x03, 0xFF, 0xFC, 0x00, 0x00, 0x3F, 0xFF,
    0xC0, 0x03, 0xFF, 0xFC, 0x00, 0x00, 0x3F, 0xFF, 0xC0, 0x03, 0xFF, 0xFC, 0x00, 0x00, 0x1F, 0xFF,
    0xC0, 0x03, 0xFF, 0xF8, 0x00, 0x00, 0x1F, 0xFF, 0xC0, 0x01, 0xFF, 0xF8, 0x00, 0x00, 0x1F, 0xFF,
    0x80, 0x01, 0xFF, 0xF8, 0x00, 0x00, 0x1F, 0xFF, 0x80, 0x01, 0xFF, 0xF8, 0x00, 0x00, 0x0F, 0xFF,
    0x80, 0x01, 0xFF, 0xF0, 0x00, 0x00, 0x0F, 0xFF, 0x80, 0x00, 0xFF, 0xF0, 0x00, 0x3F, 0xF8, 0x00,
    0x01, 0xFF, 0xC0, 0xFF, 0xE0, 0x00, 0x1F, 0xFC, 0x03, 0xFF, 0x80, 0x01, 0xFF, 0xC0, 0x1F, 0xFC,
    0x00, 0x0F, 0xFE, 0x00, 0x7F, 0xF0, 0x00, 0xFF, 0xE0, 0x01, 0xFF, 0xC0, 0x0F, 0xFE, 0x00, 0x0F,
    0xFE, 0x00, 0x7F, 0xF0, 0x00, 0x3F, 0xF8, 0x07, 0xFF, 0x00, 0x00, 0xFF, 0xE0, 0x7F, 0xF0, 0x00,
    0x07, 0xFF, 0x03, 0xFF, 0x80, 0x00, 0x1F, 0xFC, 0x3F, 0xF8, 0x00, 0x00, 0x7F, 0xF3, 0xFF, 0x80,
    0x00, 0x03, 0xFF, 0x9F, 0xFC, 0x00, 0x00, 0x0F, 0xFF, 0xFF, 0xC0, 0x00, 0x00, 0x3F, 0xFF, 0xFC,
    0x00, 0x00, 0x01, 0xFF, 0xFF, 0xE0, 0x00, 0x00, 0x07, 0xFF, 0xFE, 0x00, 0x00, 0x00, 0x1F, 0xFF,
    0xE0, 0x00, 0x00, 0x00, 0xFF, 0xFF, 0x00, 0x00, 0x00, 0x03, 0xFF, 0xF0, 0x00, 0x00, 0x00, 0x0F,
    0xFF, 0x00, 0x00, 0x00, 0x00, 0xFF, 0xFC, 0x00, 0x00, 0x00, 0x0F, 0xFF, 0xF0, 0x00, 0x00, 0x00,
    0x7F, 0xFF, 0x80, 0x00, 0x00, 0x07, 0xFF, 0xFE, 0x00, 0x00, 0x00, 0x7F, 0xFF, 0xF8, 0x00, 0x00,
    0x03, 0xFF, 0xFF, 0xC0, 0x00, 0x00, 0x3F, 0xFF, 0xFF, 0x00, 0x00, 0x03, 0xFF, 0x9F, 0xFC, 0x00,
    0x00, 0x1F, 0xFC, 0xFF, 0xE0, 0x00, 0x01, 0xFF, 0xC3, 0xFF, 0x80, 0x00, 0x1F, 0xFC, 0x0F, 0xFE,
    0x00, 0x01, 0xFF, 0xE0, 0x7F, 0xF8, 0x00, 0x0F, 0xFE, 0x01, 0xFF, 0xC0, 0x00, 0xFF, 0xE0, 0x07,
    0xFF, 0x00, 0x0F, 0xFF, 0x00, 0x3F, 0xFC, 0x00, 0x7F, 0xF0, 0x00, 0xFF, 0xE0, 0x07, 0xFF, 0x00,
    0x03, 0xFF, 0x80, 0x7F, 0xF8, 0x00, 0x1F, 0xFE, 0x03, 0xFF, 0x80, 0x00, 0x7F, 0xF0, 0x3F, 0xF8,
    0x00, 0x01, 0xFF, 0xC3, 0xFF, 0xC0, 0x00, 0x0F, 0xFF, 0x00, 0xFF, 0xF0, 0x00, 0x01, 0xFF, 0xEF,
    0xFF, 0x00, 0x00, 0x7F, 0xF8, 0xFF, 0xF0, 0x00, 0x1F, 0xFE, 0x1F, 0xFE, 0x00, 0x03, 0xFF, 0xC1,
    0xFF, 0xE0, 0x00, 0xFF, 0xF0, 0x1F, 0xFC, 0x00, 0x1F, 0xFC, 0x03, 0xFF, 0xC0, 0x07, 0xFF, 0x80,
    0x3F, 0xFC, 0x01, 0xFF, 0xE0, 0x03, 0xFF, 0x80, 0x3F, 0xF8, 0x00, 0x7F, 0xF8, 0x0F, 0xFF, 0x00,
    0x07, 0xFF, 0x83, 0xFF, 0xC0, 0x00, 0x7F, 0xF0, 0x7F, 0xF0, 0x00, 0x0F, 0xFF, 0x1F, 0xFE, 0x00,
    0x00, 0xFF, 0xF7, 0xFF, 0x80, 0x00, 0x0F, 0xFE, 0xFF, 0xE0, 0x00, 0x01, 0xFF, 0xFF, 0xFC, 0x00,
    0x00, 0x1F, 0xFF, 0xFF, 0x00, 0x00, 0x01, 0xFF, 0xFF, 0xC0, 0x00, 0x00, 0x3F, 0xFF, 0xF8, 0x00,
    0x00, 0x03, 0xFF, 0xFE, 0x00, 0x00, 0x00, 0x7F, 0xFF, 0xC0, 0x00, 0x00, 0x07, 0xFF, 0xF0, 0x00,
    0x00, 0x00, 0x7F, 0xFC, 0x00, 0x00, 0x00, 0x0F, 0xFF, 0x80, 0x00, 0x00, 0x00, 0xFF, 0xE0, 0x00,
    0x00, 0x00, 0x1F, 0xFC, 0x00, 0x00, 0x00, 0x03, 0xFF, 0x80, 0x00, 0x00, 0x00, 0x7F, 0xF0, 0x00,
    0x00, 0x00, 0x0F, 0xFE, 0x00, 0x00, 0x00, 0x01, 0xFF, 0xC0, 0x00, 0x00, 0x00, 0x3F, 0xF8, 0x00,
    0x00, 0x00, 0x07, 0xFF, 0x00, 0x00, 0x00, 0x00, 0xFF, 0xE0, 0x00, 0x00, 0x00, 0x1F, 0xFC, 0x00,
    0x00, 0x00, 0x03, 0xFF, 0x80, 0x00, 0x00, 0x00, 0x7F, 0xF0, 0x00, 0x00, 0x00, 0x0F, 0xFE, 0x00,
    0x00, 0x00, 0x01, 0xFF, 0xC0, 0x00, 0x00, 0x00, 0x3F, 0xF8, 0x00, 0x00, 0x00, 0x07, 0xFF, 0x00,
    0x00, 0x00, 0x00, 0xFF, 0xE0, 0x00, 0x00, 0x00, 0x1F, 0xFC, 0x00, 0x00, 0x0F, 0xFF, 0xFF, 0xFF,
    0xFE, 0x03, 0xFF, 0xFF, 0xFF, 0xFF, 0x80, 0xFF, 0xFF, 0xFF, 0xFF, 0xE0, 0x3F, 0xFF, 0xFF, 0xFF,
    0xF8, 0x0F, 0xFF, 0xFF, 0xFF, 0xFE, 0x03, 0xFF, 0xFF, 0xFF, 0xFF, 0x80, 0xFF, 0xFF, 0xFF, 0xFF,
    0xE0, 0x3F, 0xFF, 0xFF, 0xFF, 0xF0, 0x00, 0x00, 0x00, 0x7F, 0xF8, 0x00, 0x00, 0x00, 0x3F, 0xFE,
    0x00, 0x00, 0x00, 0x0F, 0xFF, 0x00, 0x00, 0x00, 0x07, 0xFF, 0x80, 0x00, 0x00, 0x03, 0xFF, 0xC0,
    0x00, 0x00, 0x01, 0xFF, 0xE0, 0x00, 0x00, 0x00, 0xFF, 0xF8, 0x00, 0x00, 0x00, 0x7F, 0xFC, 0x00,
    0x00, 0x00, 0x1F, 0xFE, 0x00, 0x00, 0x00, 0x0F, 0xFF, 0x00, 0x00, 0x00, 0x07, 0xFF, 0x80, 0x00,
    0x00, 0x03, 0xFF, 0xC0, 0x00, 0x00, 0x01, 0xFF, 0xF0, 0x00, 0x00, 0x00, 0x7F, 0xF8, 0x00, 0x00,
    0x00, 0x3F, 0xFC, 0x00, 0x00, 0x00, 0x1F, 0xFE, 0x00, 0x00, 0x00, 0x0F, 0xFF, 0x00, 0x00, 0x00,
    0x07, 0xFF, 0xC0, 0x00, 0x00, 0x03, 0xFF, 0xE0, 0x00, 0x00, 0x00, 0xFF, 0xF0, 0x00, 0x00, 0x00,
    0x7F, 0xF8, 0x00, 0x00, 0x00, 0x3F, 0xFC, 0x00, 0x00, 0x00, 0x1F, 0xFF, 0x00, 0x00, 0x00, 0x0F,
    0xFF, 0x80, 0x00, 0x00, 0x07, 0xFF, 0xC0, 0x00, 0x00, 0x01, 0xFF, 0xE0, 0x00, 0x00, 0x00, 0xFF,
    0xFF, 0xFF, 0xFF, 0xF0, 0x7F, 0xFF, 0xFF, 0xFF, 0xFC, 0x1F, 0xFF, 0xFF, 0xFF, 0xFF, 0x07, 0xFF,
    0xFF, 0xFF, 0xFF, 0xC1, 0xFF, 0xFF, 0xFF, 0xFF, 0xF0, 0x7F, 0xFF, 0xFF, 0xFF, 0xFC, 0x1F, 0xFF,
    0xFF, 0xFF, 0xFF, 0x07, 0xFF, 0xFF, 0xFF, 0xFF, 0xC0, 0x07, 0xFF, 0xFE, 0x00, 0xFF, 0xFF, 0xC0,
    0x1F, 0xFF, 0xF8, 0x03, 0xFF, 0xFF, 0x00, 0x7F, 0xFF, 0xE0, 0x0F, 0xFF, 0xFC, 0x01, 0xFF, 0x80,
    0x00, 0x3F, 0xF0, 0x00, 0x07, 0xFE, 0x00, 0x00, 0xFF, 0xC0, 0x00, 0x1F, 0xF8, 0x00, 0x03, 0xFF,
    0x00, 0x00, 0x7F, 0xE0, 0x00, 0x0F, 0xFC, 0x00, 0x01, 0xFF, 0x80, 0x00, 0x3F, 0xF0, 0x00, 0x07,
    0xFE, 0x00, 0x00, 0xFF, 0xC0, 0x00, 0x1F, 0xF8, 0x00, 0x03, 0xFF, 0x00, 0x00, 0x7F, 0xE0, 0x00,
    0x0F, 0xFC, 0x00, 0x01, 0xFF, 0x80, 0x00, 0x3F, 0xF0, 0x00, 0x07, 0xFE, 0x00, 0x00, 0xFF, 0xC0,
    0x00, 0x1F, 0xF8, 0x00, 0x03, 0xFF, 0x00, 0x00, 0x7F, 0xE0, 0x00, 0x0F, 0xFC, 0x00, 0x01, 0xFF,
    0x80, 0x00, 0x3F, 0xF0, 0x00, 0x07, 0xFE, 0x00, 0x00, 0xFF, 0xC0, 0x00, 0x1F, 0xF8, 0x00, 0x03,
    0xFF, 0x00, 0x00, 0x7F, 0xE0, 0x00, 0x0F, 0xFC, 0x00, 0x01, 0xFF, 0x80, 0x00, 0x3F, 0xF0, 0x00,
    0x07, 0xFE, 0x00, 0x00, 0xFF, 0xC0, 0x00, 0x1F, 0xF8, 0x00, 0x03, 0xFF, 0x00, 0x00, 0x7F, 0xE0,
    0x00, 0x0F, 0xFC, 0x00, 0x01, 0xFF, 0xFF, 0x80, 0x3F, 0xFF, 0xF0, 0x07, 0xFF, 0xFE, 0x00, 0xFF,
    0xFF, 0xC0, 0x1F, 0xFF, 0xF8, 0x03, 0xFF, 0xFF, 0x00, 0xFC, 0x00, 0x07, 0xF0, 0x00, 0x1F, 0x80,
    0x00, 0xFC, 0x00, 0x07, 0xF0, 0x00, 0x1F, 0x80, 0x00, 0xFC, 0x00, 0x07, 0xF0, 0x00, 0x1F, 0x80,
    0x00, 0xFC, 0x00, 0x07, 0xE0, 0x00, 0x1F, 0x80, 0x00, 0xFC, 0x00, 0x07, 0xE0, 0x00, 0x3F, 0x80,
    0x00, 0xFC, 0x00, 0x07, 0xE0, 0x00, 0x3F, 0x80, 0x00, 0xFC, 0x00, 0x07, 0xE0, 0x00, 0x3F, 0x80,
    0x00, 0xFC, 0x00, 0x07, 0xE0, 0x00, 0x3F, 0x00, 0x00, 0xFC, 0x00, 0x07, 0xE0, 0x00, 0x3F, 0x00,
    0x01, 0xFC, 0x00, 0x07, 0xE0, 0x00, 0x3F, 0x00, 0x01, 0xFC, 0x00, 0x07, 0xE0, 0x00, 0x3F, 0x00,
    0x01, 0xFC, 0x00, 0x07, 0xE0, 0x00, 0x3F, 0x00, 0x01, 0xF8, 0x00, 0x07, 0xE0, 0x00, 0x3F, 0x00,
    0x01, 0xF8, 0x00, 0x0F, 0xE0, 0x00, 0x3F, 0x00, 0x01, 0xF8, 0x00, 0x0F, 0xE0, 0x00, 0x3F, 0x00,
    0x01, 0xF8, 0x00, 0x0F, 0xE0, 0x00, 0x3F, 0x0F, 0xFF, 0xFC, 0x01, 0xFF, 0xFF, 0x80, 0x3F, 0xFF,
    0xF0, 0x07, 0xFF, 0xFE, 0x00, 0xFF, 0xFF, 0xC0, 0x1F, 0xFF, 0xF8, 0x00, 0x03, 0xFF, 0x00, 0x00,
    0x7F, 0xE0, 0x00, 0x0F, 0xFC, 0x00, 0x01, 0xFF, 0x80, 0x00, 0x3F, 0xF0, 0x00, 0x07, 0xFE, 0x00,
    0x00, 0xFF, 0xC0, 0x00, 0x1F, 0xF8, 0x00, 0x03, 0xFF, 0x00, 0x00, 0x7F, 0xE0, 0x00, 0x0F, 0xFC,
    0x00, 0x01, 0xFF, 0x80, 0x00, 0x3F, 0xF0, 0x00, 0x07, 0xFE, 0x00, 0x00, 0xFF, 0xC0, 0x00, 0x1F,
    0xF8, 0x00, 0x03, 0xFF, 0x00, 0x00, 0x7F, 0xE0, 0x00, 0x0F, 0xFC, 0x00, 0x01, 0xFF, 0x80, 0x00,
    0x3F, 0xF0, 0x00, 0x07, 0xFE, 0x00, 0x00, 0xFF, 0xC0, 0x00, 0x1F, 0xF8, 0x00, 0x03, 0xFF, 0x00,
    0x00, 0x7F, 0xE0, 0x00, 0x0F, 0xFC, 0x00, 0x01, 0xFF, 0x80, 0x00, 0x3F, 0xF0, 0x00, 0x07, 0xFE,
    0x00, 0x00, 0xFF, 0xC0, 0x00, 0x1F, 0xF8, 0x00, 0x03, 0xFF, 0x00, 0x00, 0x7F, 0xE0, 0x00, 0x0F,
    0xFC, 0x00, 0x01, 0xFF, 0x80, 0x00, 0x3F, 0xF0, 0x00, 0x07, 0xFE, 0x00, 0x00, 0xFF, 0xC0, 0x00,
    0x1F, 0xF8, 0x03, 0xFF, 0xFF, 0x00, 0x7F, 0xFF, 0xE0, 0x0F, 0xFF, 0xFC, 0x01, 0xFF, 0xFF, 0x80,
    0x3F, 0xFF, 0xF0, 0x07, 0xFF, 0xFE, 0x00, 0x00, 0x00, 0x07, 0xF0, 0x00, 0x00, 0x00, 0x00, 0x07,
    0xFC, 0x00, 0x00, 0x00, 0x00, 0x07, 0xFF, 0x00, 0x00, 0x00, 0x00, 0x07, 0xFF, 0xC0, 0x00, 0x00,
    0x00, 0x07, 0xFF, 0xF0, 0x00, 0x00, 0x00, 0x07, 0xFF, 0xFC, 0x00, 0x00, 0x00, 0x07, 0xFF, 0xFF,
    0x00, 0x00, 0x00, 0x07, 0xFE, 0xFF, 0xC0, 0x00, 0x00, 0x07, 0xFE, 0x3F, 0xF0, 0x00, 0x00, 0x07,
    0xFE, 0x0F, 0xFC, 0x00, 0x00, 0x07, 0xFC, 0x01, 0xFF, 0x00, 0x00, 0x07, 0xFC, 0x00, 0x7F, 0xC0,
    0x00, 0x07, 0xFC, 0x00, 0x1F, 0xF0, 0x00, 0x07, 0xF8, 0x00, 0x03, 0xFC, 0x00, 0x07, 0xF8, 0x00,
    0x00, 0xFF, 0x00, 0x07, 0xF8, 0x00, 0x00, 0x3F, 0xC0, 0x00, 0x00, 0x00, 0x00, 0x00, 0x00, 0x00,
    0x00, 0x00, 0x00, 0x00, 0x00, 0x00, 0x00, 0x00, 0x00, 0x00, 0x00, 0x00, 0x00, 0x00, 0x00, 0x00,
    0x00, 0x00, 0x00, 0x00, 0x00, 0x00, 0x00, 0x00, 0x00, 0x00, 0x00, 0x00, 0x00, 0x00, 0x00, 0x00,
    0x00, 0x00, 0x00, 0x00, 0x00, 0x00, 0x00, 0x00, 0x00, 0x00, 0x00, 0x00, 0x00, 0x00, 0x00, 0x00,
    0x00, 0x00, 0x00, 0x00, 0x00, 0x00, 0x00, 0x00, 0x00, 0x00, 0x00, 0x00, 0x00, 0x00, 0x00, 0x00,
    0x00, 0x00, 0x00, 0x00, 0x00, 0x00, 0x00, 0x00, 0x00, 0x00, 0x00, 0x00, 0x00, 0x00, 0x00, 0x00,
    0x00, 0x00, 0x00, 0x00, 0x00, 0x00, 0x00, 0x00, 0x00, 0x00, 0x00, 0x00, 0x00, 0x00, 0x00, 0x00,
    0x00, 0x00, 0x00, 0x00, 0x00, 0x00, 0x00, 0x00, 0x00, 0x00, 0x00, 0x00, 0x00, 0x00, 0x00, 0x00,
    0x00, 0x00, 0x00, 0x00, 0x00, 0x00, 0x00, 0x00, 0x00, 0x00, 0x00, 0x00, 0x00, 0x00, 0x00, 0x00,
    0x00, 0x00, 0x00, 0x00, 0x00, 0x00, 0x00, 0x00, 0x00, 0x00, 0x00, 0x00, 0x00, 0x00, 0x00, 0x00,
    0x00, 0x00, 0x00, 0x00, 0x00, 0x00, 0x00, 0x00, 0x00, 0x00, 0x00, 0x00, 0x00, 0x00, 0x00, 0x00,
    0x00, 0x00, 0x00, 0x00, 0x00, 0x00, 0x00, 0x00, 0x00, 0x00, 0x00, 0x00, 0x00, 0x00, 0x00, 0x00,
    0x00, 0x00, 0x00, 0x00, 0x00, 0x00, 0x00, 0x00, 0x00, 0x07, 0xFF, 0xFF, 0xFF, 0xFF, 0xFF, 0xFF,
    0xFF, 0xFF, 0xFF, 0xFF, 0xFF, 0xFF, 0xFF, 0xFF, 0xFF, 0xFF, 0xFF, 0xFC, 0x1F, 0xE0, 0x00, 0x00,
    0x7F, 0x80, 0x00, 0x01, 0xFE, 0x00, 0x00, 0x07, 0xF8, 0x00, 0x00, 0x1F, 0xC0, 0x00, 0x00, 0x7F,
    0x00, 0x00, 0x01, 0xFC, 0x00, 0x00, 0x07, 0xE0, 0x00, 0x00, 0x1F, 0x80, 0x00, 0x00, 0x7E, 0x00,
    0x00, 0x01, 0xF8, 0x00, 0x00, 0x00, 0x00, 0x00, 0x00, 0x00, 0x00, 0x00, 0x00, 0x00, 0x00, 0x00,
    0x00, 0x00, 0x00, 0x00, 0x00, 0x00, 0x00, 0x00, 0x00, 0x00, 0x00, 0x00, 0x00, 0x00, 0x00, 0x00,
    0x00, 0x00, 0x00, 0x00, 0x00, 0x00, 0x00, 0x00, 0x00, 0x00, 0x00, 0x00, 0x00, 0x00, 0x00, 0x00,
    0x00, 0x00, 0x00, 0x00, 0x00, 0x00, 0x00, 0x00, 0x00, 0x00, 0x00, 0x00, 0x00, 0x00, 0x00, 0x00,
    0x00, 0x00, 0x00, 0x00, 0x00, 0x00, 0x00, 0x00, 0x00, 0x00, 0x00, 0x00, 0x00, 0x00, 0x00, 0x00,
    0x00, 0x00, 0x00, 0x00, 0x00, 0x00, 0x00, 0x00, 0x00, 0x00, 0x00, 0x00, 0x00, 0x00, 0x00, 0x00,
    0x00, 0x00, 0x00, 0x00, 0x00, 0x00, 0x00, 0x00, 0x00, 0x00, 0x00, 0x00, 0x00, 0x00, 0x00, 0x00,
    0x00, 0x00, 0x00, 0x00, 0x00, 0x00, 0x00, 0x00, 0x00, 0x00, 0x00, 0x00, 0x00, 0x00, 0x00, 0x00,
    0x00, 0x00, 0x00, 0x00, 0x0F, 0xFF, 0x80, 0x00, 0x01, 0xFF, 0xFF, 0xE0, 0x00, 0x0F, 0xFF, 0xFF,
    0xF0, 0x00, 0x1F, 0xFF, 0xFF, 0xF0, 0x00, 0x3F, 0xFF, 0xFF, 0xF0, 0x00, 0x7F, 0xFF, 0xFF, 0xF0,
    0x00, 0xFF, 0xFF, 0xFF, 0xE0, 0x01, 0xF8, 0x03, 0xFF, 0xE0, 0x03, 0x80, 0x01, 0xFF, 0xC0, 0x04,
    0x00, 0x01, 0xFF, 0x80, 0x00, 0x00, 0x01, 0xFF, 0x80, 0x00, 0x00, 0x03, 0xFF, 0x00, 0x00, 0x00,
    0x07, 0xFE, 0x00, 0x00, 0xFF, 0xFF, 0xFC, 0x00, 0x1F, 0xFF, 0xFF, 0xF8, 0x00, 0xFF, 0xFF, 0xFF,
    0xF0, 0x03, 0xFF, 0xFF, 0xFF, 0xE0, 0x0F, 0xFF, 0xFF, 0xFF, 0xC0, 0x3F, 0xFF, 0xFF, 0xFF, 0x80,
    0x7F, 0xF8, 0x03, 0xFF, 0x01, 0xFF, 0xC0, 0x07, 0xFE, 0x03, 0xFF, 0x00, 0x0F, 0xFC, 0x07, 0xFE,
    0x00, 0x1F, 0xF8, 0x0F, 0xFC, 0x00, 0x7F, 0xF0, 0x1F, 0xF8, 0x01, 0xFF, 0xE0, 0x3F, 0xF8, 0x07,
    0xFF, 0xC0, 0x7F, 0xF8, 0x1F, 0xFF, 0x80, 0x7F, 0xFF, 0xFF, 0xFF, 0x00, 0xFF, 0xFF, 0xFF, 0xFE,
    0x00, 0xFF, 0xFF, 0xEF, 0xFC, 0x01, 0xFF, 0xFF, 0x9F, 0xF8, 0x01, 0xFF, 0xFE, 0x3F, 0xF0, 0x00,
    0xFF, 0xF0, 0x7F, 0xE0, 0x00, 0x7F, 0x80, 0x00, 0x00, 0x07, 0xFE, 0x00, 0x00, 0x00, 0x01, 0xFF,
    0x80, 0x00, 0x00, 0x00, 0x7F, 0xE0, 0x00, 0x00, 0x00, 0x1F, 0xF8, 0x00, 0x00, 0x00, 0x07, 0xFE,
    0x00, 0x00, 0x00, 0x01, 0xFF, 0x80, 0x00, 0x00, 0x00, 0x7F, 0xE0, 0x00, 0x00, 0x00, 0x1F, 0xF8,
    0x00, 0x00, 0x00, 0x07, 0xFE, 0x00, 0x00, 0x00, 0x01, 0xFF, 0x80, 0x00, 0x00, 0x00, 0x7F, 0xE0,
    0x00, 0x00, 0x00, 0x1F, 0xF8, 0x0F, 0xE0, 0x00, 0x07, 0xFE, 0x1F, 0xFE, 0x00, 0x01, 0xFF, 0x8F,
    0xFF, 0xE0, 0x00, 0x7F, 0xEF, 0xFF, 0xFC, 0x00, 0x1F, 0xFF, 0xFF, 0xFF, 0x80, 0x07, 0xFF, 0xFF,
    0xFF, 0xF0, 0x01, 0xFF, 0xFF, 0xFF, 0xFC, 0x00, 0x7F, 0xFE, 0x0F, 0xFF, 0x80, 0x1F, 0xFF, 0x01,
    0xFF, 0xE0, 0x07, 0xFF, 0x80, 0x3F, 0xFC, 0x01, 0xFF, 0xC0, 0x07, 0xFF, 0x00, 0x7F, 0xF0, 0x01,
    0xFF, 0xC0, 0x1F, 0xF8, 0x00, 0x3F, 0xF8, 0x07, 0xFE, 0x00, 0x0F, 0xFE, 0x01, 0xFF, 0x80, 0x03,
    0xFF, 0x80, 0x7F, 0xE0, 0x00, 0xFF, 0xE0, 0x1F, 0xF8, 0x00, 0x3F, 0xF8, 0x07, 0xFE, 0x00, 0x0F,
    0xFE, 0x01, 0xFF, 0x80, 0x03, 0xFF, 0x80, 0x7F, 0xE0, 0x00, 0xFF, 0xE0, 0x1F, 0xF8, 0x00, 0x3F,
    0xF8, 0x07, 0xFE, 0x00, 0x0F, 0xFE, 0x01, 0xFF, 0xC0, 0x07, 0xFF, 0x00, 0x7F, 0xF0, 0x01, 0xFF,
    0xC0, 0x1F, 0xFE, 0x00, 0xFF, 0xF0, 0x07, 0xFF, 0xC0, 0x7F, 0xF8, 0x01, 0xFF, 0xF8, 0x3F, 0xFE,
    0x00, 0x7F, 0xFF, 0xFF, 0xFF, 0x00, 0x1F, 0xFF, 0xFF, 0xFF, 0xC0, 0x07, 0xFE, 0xFF, 0xFF, 0xE0,
    0x01, 0xFF, 0x9F, 0xFF, 0xF0, 0x00, 0x7F, 0xE3, 0xFF, 0xF8, 0x00, 0x1F, 0xF8, 0x3F, 0xF8, 0x00,
    0x00, 0x00, 0x03, 0xF8, 0x00, 0x00, 0x00, 0x00, 0xFF, 0xC0, 0x00, 0x01, 0xFF, 0xFF, 0x00, 0x01,
    0xFF, 0xFF, 0xE0, 0x01, 0xFF, 0xFF, 0xF8, 0x00, 0xFF, 0xFF, 0xFE, 0x00, 0x7F, 0xFF, 0xFF, 0x80,
    0x3F, 0xFF, 0xFF, 0xE0, 0x1F, 0xFF, 0x80, 0xF8, 0x07, 0xFF, 0xC0, 0x06, 0x03, 0xFF, 0xC0, 0x00,
    0x80, 0xFF, 0xF0, 0x00, 0x00, 0x3F, 0xF8, 0x00, 0x00, 0x1F, 0xFE, 0x00, 0x00, 0x07, 0xFF, 0x00,
    0x00, 0x01, 0xFF, 0xC0, 0x00, 0x00, 0x7F, 0xF0, 0x00, 0x00, 0x1F, 0xFC, 0x00, 0x00, 0x07, 0xFF,
    0x00, 0x00, 0x01, 0xFF, 0xC0, 0x00, 0x00, 0x7F, 0xF0, 0x00, 0x00, 0x1F, 0xFC, 0x00, 0x00, 0x07,
    0xFF, 0x80, 0x00, 0x00, 0xFF, 0xE0, 0x00, 0x00, 0x3F, 0xFC, 0x00, 0x00, 0x0F, 0xFF, 0x00, 0x02,
    0x01, 0xFF, 0xF0, 0x01, 0x80, 0x7F, 0xFF, 0x03, 0xE0, 0x0F, 0xFF, 0xFF, 0xF8, 0x01, 0xFF, 0xFF,
    0xFE, 0x00, 0x3F, 0xFF, 0xFF, 0x80, 0x07, 0xFF, 0xFF, 0xE0, 0x00, 0xFF, 0xFF, 0xF8, 0x00, 0x07,
    0xFF, 0xFC, 0x00, 0x00, 0x3F, 0xF0, 0x00, 0x00, 0x00, 0x00, 0x1F, 0xF8, 0x00, 0x00, 0x00, 0x07,
    0xFE, 0x00, 0x00, 0x00, 0x01, 0xFF, 0x80, 0x00, 0x00, 0x00, 0x7F, 0xE0, 0x00, 0x00, 0x00, 0x1F,
    0xF8, 0x00, 0x00, 0x00, 0x07, 0xFE, 0x00, 0x00, 0x00, 0x01, 0xFF, 0x80, 0x00, 0x00, 0x00, 0x7F,
    0xE0, 0x00, 0x00, 0x00, 0x1F, 0xF8, 0x00, 0x00, 0x00, 0x07, 0xFE, 0x00, 0x00, 0x00, 0x01, 0xFF,
    0x80, 0x00, 0x1F, 0xC0, 0x7F, 0xE0, 0x00, 0x1F, 0xFE, 0x1F, 0xF8, 0x00, 0x1F, 0xFF, 0xC7, 0xFE,
    0x00, 0x0F, 0xFF, 0xFD, 0xFF, 0x80, 0x07, 0xFF, 0xFF, 0xFF, 0xE0, 0x03, 0xFF, 0xFF, 0xFF, 0xF8,
    0x00, 0xFF, 0xFF, 0xFF, 0xFE, 0x00, 0x7F, 0xFC, 0x1F, 0xFF, 0x80, 0x1F, 0xFE, 0x03, 0xFF, 0xE0,
    0x0F, 0xFF, 0x00, 0x7F, 0xF8, 0x03, 0xFF, 0x80, 0x0F, 0xFE, 0x00, 0xFF, 0xE0, 0x03, 0xFF, 0x80,
    0x7F, 0xF0, 0x00, 0x7F, 0xE0, 0x1F, 0xFC, 0x00, 0x1F, 0xF8, 0x07, 0xFF, 0x00, 0x07, 0xFE, 0x01,
    0xFF, 0xC0, 0x01, 0xFF, 0x80, 0x7F, 0xF0, 0x00, 0x7F, 0xE0, 0x1F, 0xFC, 0x00, 0x1F, 0xF8, 0x07,
    0xFF, 0x00, 0x07, 0xFE, 0x01, 0xFF, 0xC0, 0x01, 0xFF, 0x80, 0x7F, 0xF0, 0x00, 0x7F, 0xE0, 0x1F,
    0xFC, 0x00, 0x1F, 0xF8, 0x03, 0xFF, 0x80, 0x0F, 0xFE, 0x00, 0xFF, 0xE0, 0x03, 0xFF, 0x80, 0x3F,
    0xFC, 0x01, 0xFF, 0xE0, 0x07, 0xFF, 0x80, 0xFF, 0xF8, 0x01, 0xFF, 0xF0, 0x7F, 0xFE, 0x00, 0x3F,
    0xFF, 0xFF, 0xFF, 0x80, 0x0F, 0xFF, 0xFF, 0xFF, 0xE0, 0x01, 0xFF, 0xFF, 0xFF, 0xF8, 0x00, 0x3F,
    0xFF, 0xF7, 0xFE, 0x00, 0x07, 0xFF, 0xF9, 0xFF, 0x80, 0x00, 0xFF, 0xF8, 0x7F, 0xE0, 0x00, 0x07,
    0xF0, 0x00, 0x00, 0x00, 0x00, 0x00, 0xFF, 0x80, 0x00, 0x00, 0x1F, 0xFF, 0xE0, 0x00, 0x00, 0xFF,
    0xFF, 0xF0, 0x00, 0x03, 0xFF, 0xFF, 0xF8, 0x00, 0x0F, 0xFF, 0xFF, 0xF8, 0x00, 0x3F, 0xFF, 0xFF,
    0xF8, 0x00, 0xFF, 0xFF, 0xFF, 0xF0, 0x03, 0xFF, 0xC0, 0xFF, 0xF0, 0x07, 0xFF, 0x00, 0x7F, 0xE0,
    0x1F, 0xFC, 0x00, 0x7F, 0xE0, 0x3F, 0xF0, 0x00, 0x7F, 0xC0, 0x7F, 0xC0, 0x00, 0xFF, 0x81, 0xFF,
    0x80, 0x01, 0xFF, 0x83, 0xFF, 0xFF, 0xFF, 0xFF, 0x07, 0xFF, 0xFF, 0xFF, 0xFE, 0x0F, 0xFF, 0xFF,
    0xFF, 0xFC, 0x1F, 0xFF, 0xFF, 0xFF, 0xF8, 0x3F, 0xFF, 0xFF, 0xFF, 0xF0, 0x7F, 0xFF, 0xFF, 0xFF,
    0xE0, 0xFF, 0xC0, 0x00, 0x00, 0x01, 0xFF, 0x80, 0x00, 0x00, 0x03, 0xFF, 0x00, 0x00, 0x00, 0x03,
    0xFF, 0x00, 0x00, 0x00, 0x07, 0xFE, 0x00, 0x00, 0x10, 0x0F, 0xFE, 0x00, 0x00, 0xE0, 0x0F, 0xFE,
    0x00, 0x07, 0xC0, 0x1F, 0xFF, 0x00, 0xFF, 0x80, 0x1F, 0xFF, 0xFF, 0xFF, 0x00, 0x1F, 0xFF, 0xFF,
    0xFE, 0x00, 0x1F, 0xFF, 0xFF, 0xFC, 0x00, 0x1F, 0xFF, 0xFF, 0xF8, 0x00, 0x1F, 0xFF, 0xFF, 0xE0,
    0x00, 0x0F, 0xFF, 0xFE, 0x00, 0x00, 0x03, 0xFF, 0xC0, 0x00, 0x00, 0x07, 0xFF, 0x80, 0x1F, 0xFF,
    0xC0, 0x1F, 0xFF, 0xE0, 0x1F, 0xFF, 0xF0, 0x1F, 0xFF, 0xF8, 0x0F, 0xFF, 0xFC, 0x0F, 0xFF, 0xFE,
    0x07, 0xFF, 0x00, 0x03, 0xFF, 0x00, 0x01, 0xFF, 0x80, 0x00, 0xFF, 0xC0, 0x00, 0x7F, 0xE0, 0x07,
    0xFF, 0xFF, 0xFB, 0xFF, 0xFF, 0xFD, 0xFF, 0xFF, 0xFE, 0xFF, 0xFF, 0xFF, 0x7F, 0xFF, 0xFF, 0xBF,
    0xFF, 0xFF, 0xDF, 0xFF, 0xFF, 0xE0, 0x7F, 0xE0, 0x00, 0x3F, 0xF0, 0x00, 0x1F, 0xF8, 0x00, 0x0F,
    0xFC, 0x00, 0x07, 0xFE, 0x00, 0x03, 0xFF, 0x00, 0x01, 0xFF, 0x80, 0x00, 0xFF, 0xC0, 0x00, 0x7F,
    0xE0, 0x00, 0x3F, 0xF0, 0x00, 0x1F, 0xF8, 0x00, 0x0F, 0xFC, 0x00, 0x07, 0xFE, 0x00, 0x03, 0xFF,
    0x00, 0x01, 0xFF, 0x80, 0x00, 0xFF, 0xC0, 0x00, 0x7F, 0xE0, 0x00, 0x3F, 0xF0, 0x00, 0x1F, 0xF8,
    0x00, 0x0F, 0xFC, 0x00, 0x07, 0xFE, 0x00, 0x03, 0xFF, 0x00, 0x01, 0xFF, 0x80, 0x00, 0xFF, 0xC0,
    0x00, 0x7F, 0xE0, 0x00, 0x00, 0x07, 0xF8, 0x00, 0x00, 0x00, 0x0F, 0xFF, 0x87, 0xFE, 0x00, 0x07,
    0xFF, 0xF1, 0xFF, 0x80, 0x03, 0xFF, 0xFF, 0x7F, 0xE0, 0x01, 0xFF, 0xFF, 0xFF, 0xF8, 0x00, 0xFF,
    0xFF, 0xFF, 0xFE, 0x00, 0x7F, 0xFF, 0xFF, 0xFF, 0x80, 0x1F, 0xFF, 0x07, 0xFF, 0xE0, 0x0F, 0xFF,
    0x80, 0xFF, 0xF8, 0x03, 0xFF, 0xC0, 0x1F, 0xFE, 0x00, 0xFF, 0xE0, 0x03, 0xFF, 0x80, 0x3F, 0xF8,
    0x00, 0xFF, 0xE0, 0x1F, 0xFC, 0x00, 0x1F, 0xF8, 0x07, 0xFF, 0x00, 0x07, 0xFE, 0x01, 0xFF, 0xC0,
    0x01, 0xFF, 0x80, 0x7F, 0xF0, 0x00, 0x7F, 0xE0, 0x1F, 0xFC, 0x00, 0x1F, 0xF8, 0x07, 0xFF, 0x00,
    0x07, 0xFE, 0x01, 0xFF, 0xC0, 0x01, 0xFF, 0x80, 0x7F, 0xF0, 0x00, 0x7F, 0xE0, 0x1F, 0xFC, 0x00,
    0x1F, 0xF8, 0x03, 0xFF, 0x80, 0x0F, 0xFE, 0x00, 0xFF, 0xE0, 0x03, 0xFF, 0x80, 0x3F, 0xFC, 0x01,
    0xFF, 0xE0, 0x0F, 0xFF, 0x00, 0xFF, 0xF8, 0x01, 0xFF, 0xF0, 0x7F, 0xFE, 0x00, 0x7F, 0xFF, 0xFF,
    0xFF, 0x80, 0x0F, 0xFF, 0xFF, 0xFF, 0xE0, 0x01, 0xFF, 0xFF, 0xFF, 0xF8, 0x00, 0x3F, 0xFF, 0xF7,
    0xFE, 0x00, 0x07, 0xFF, 0xF1, 0xFF, 0x80, 0x00, 0xFF, 0xF8, 0x7F, 0xE0, 0x00, 0x07, 0xF0, 0x1F,
    0xF8, 0x00, 0x00, 0x00, 0x07, 0xFE, 0x00, 0x00, 0x00, 0x03, 0xFF, 0x80, 0x00, 0x00, 0x00, 0xFF,
    0xC0, 0x01, 0x00, 0x00, 0x7F, 0xF0, 0x00, 0x70, 0x00, 0x3F, 0xFC, 0x00, 0x1F, 0x80, 0x3F, 0xFE,
    0x00, 0x07, 0xFF, 0xFF, 0xFF, 0x00, 0x01, 0xFF, 0xFF, 0xFF, 0xC0, 0x00, 0x7F, 0xFF, 0xFF, 0xE0,
    0x00, 0x1F, 0xFF, 0xFF, 0xE0, 0x00, 0x07, 0xFF, 0xFF, 0xF0, 0x00, 0x00, 0xFF, 0xFF, 0xF0, 0x00,
    0x00, 0x01, 0xFF, 0xC0, 0x00, 0x00, 0x07, 0xFE, 0x00, 0x00, 0x00, 0x03, 0xFF, 0x00, 0x00, 0x00,
    0x01, 0xFF, 0x80, 0x00, 0x00, 0x00, 0xFF, 0xC0, 0x00, 0x00, 0x00, 0x7F, 0xE0, 0x00, 0x00, 0x00,
    0x3F, 0xF0, 0x00, 0x00, 0x00, 0x1F, 0xF8, 0x00, 0x00, 0x00, 0x0F, 0xFC, 0x00, 0x00, 0x00, 0x07,
    0xFE, 0x00, 0x00, 0x00, 0x03, 0xFF, 0x00, 0x00, 0x00, 0x01, 0xFF, 0x80, 0x00, 0x00, 0x00, 0xFF,
    0xC0, 0x7F, 0x80, 0x00, 0x7F, 0xE1, 0xFF, 0xF0, 0x00, 0x3F, 0xF1, 0xFF, 0xFC, 0x00, 0x1F, 0xF9,
    0xFF, 0xFF, 0x00, 0x0F, 0xFF, 0xFF, 0xFF, 0xC0, 0x07, 0xFF, 0xFF, 0xFF, 0xE0, 0x03, 0xFF, 0xFF,
    0xFF, 0xF8, 0x01, 0xFF, 0xFF, 0xFF, 0xFC, 0x00, 0xFF, 0xFC, 0x1F, 0xFE, 0x00, 0x7F, 0xFC, 0x03,
    0xFF, 0x80, 0x3F, 0xFC, 0x01, 0xFF, 0xC0, 0x1F, 0xFC, 0x00, 0x7F, 0xE0, 0x0F, 0xFE, 0x00, 0x3F,
    0xF0, 0x07, 0xFE, 0x00, 0x1F, 0xF8, 0x03, 0xFF, 0x00, 0x0F, 0xFC, 0x01, 0xFF, 0x80, 0x07, 0xFE,
    0x00, 0xFF, 0xC0, 0x03, 0xFF, 0x00, 0x7F, 0xE0, 0x01, 0xFF, 0x80, 0x3F, 0xF0, 0x00, 0xFF, 0xC0,
    0x1F, 0xF8, 0x00, 0x7F, 0xE0, 0x0F, 0xFC, 0x00, 0x3F, 0xF0, 0x07, 0xFE, 0x00, 0x1F, 0xF8, 0x03,
    0xFF, 0x00, 0x0F, 0xFC, 0x01, 0xFF, 0x80, 0x07, 0xFE, 0x00, 0xFF, 0xC0, 0x03, 0xFF, 0x00, 0x7F,
    0xE0, 0x01, 0xFF, 0x80, 0x3F, 0xF0, 0x00, 0xFF, 0xC0, 0x1F, 0xF8, 0x00, 0x7F, 0xE0, 0x0F, 0xFC,
    0x00, 0x3F, 0xF0, 0x07, 0xFE, 0x00, 0x1F, 0xF8, 0x03, 0xFF, 0x00, 0x0F, 0xFC, 0x01, 0xFF, 0x80,
    0x07, 0xFE, 0x00, 0xFF, 0xC0, 0x03, 0xFF, 0x00, 0x07, 0xFE, 0x00, 0x7F, 0xE0, 0x07, 0xFE, 0x00,
    0x7F, 0xE0, 0x07, 0xFE, 0x00, 0x7F, 0xE0, 0x07, 0xFE, 0x00, 0x7F, 0xE0, 0x00, 0x00, 0x00, 0x00,
    0x00, 0x00, 0x00, 0x00, 0x00, 0x00, 0x07, 0xFE, 0x00, 0x7F, 0xE0, 0x07, 0xFE, 0x00, 0x7F, 0xE0,
    0x07, 0xFE, 0x00, 0x7F, 0xE0, 0x07, 0xFE, 0x00, 0x7F, 0xE0, 0x07, 0xFE, 0x00, 0x7F, 0xE0, 0x07,
    0xFE, 0x00, 0x7F, 0xE0, 0x07, 0xFE, 0x00, 0x7F, 0xE0, 0x07, 0xFE, 0x00, 0x7F, 0xE0, 0x07, 0xFE,
    0x00, 0x7F, 0xE0, 0x07, 0xFE, 0x00, 0x7F, 0xE0, 0x07, 0xFE, 0x00, 0x7F, 0xE0, 0x07, 0xFE, 0x00,
    0x7F, 0xE0, 0x07, 0xFE, 0x00, 0x7F, 0xE0, 0x07, 0xFE, 0x00, 0x7F, 0xE0, 0x07, 0xFE, 0x00, 0x7F,
    0xE0, 0x07, 0xFE, 0x00, 0x7F, 0xE0, 0x01, 0xFF, 0x80, 0x07, 0xFE, 0x00, 0x1F, 0xF8, 0x00, 0x7F,
    0xE0, 0x01, 0xFF, 0x80, 0x07, 0xFE, 0x00, 0x1F, 0xF8, 0x00, 0x7F, 0xE0, 0x00, 0x00, 0x00, 0x00,
    0x00, 0x00, 0x00, 0x00, 0x00, 0x00, 0x00, 0x01, 0xFF, 0x80, 0x07, 0xFE, 0x00, 0x1F, 0xF8, 0x00,
    0x7F, 0xE0, 0x01, 0xFF, 0x80, 0x07, 0xFE, 0x00, 0x1F, 0xF8, 0x00, 0x7F, 0xE0, 0x01, 0xFF, 0x80,
    0x07, 0xFE, 0x00, 0x1F, 0xF8, 0x00, 0x7F, 0xE0, 0x01, 0xFF, 0x80, 0x07, 0xFE, 0x00, 0x1F, 0xF8,
    0x00, 0x7F, 0xE0, 0x01, 0xFF, 0x80, 0x07, 0xFE, 0x00, 0x1F, 0xF8, 0x00, 0x7F, 0xE0, 0x01, 0xFF,
    0x80, 0x07, 0xFE, 0x00, 0x1F, 0xF8, 0x00, 0x7F, 0xE0, 0x01, 0xFF, 0x80, 0x07, 0xFE, 0x00, 0x1F,
    0xF8, 0x00, 0x7F, 0xE0, 0x01, 0xFF, 0x80, 0x07, 0xFE, 0x00, 0x1F, 0xF8, 0x00, 0x7F, 0xE0, 0x01,
    0xFF, 0x80, 0x07, 0xFE, 0x00, 0x1F, 0xF8, 0x00, 0xFF, 0xE0, 0x03, 0xFF, 0x00, 0x1F, 0xFC, 0x0F,
    0xFF, 0xF0, 0x3F, 0xFF, 0x80, 0xFF, 0xFE, 0x03, 0xFF, 0xF0, 0x0F, 0xFF, 0x80, 0x3F, 0xFC, 0x00,
    0xFF, 0x80, 0x00, 0x07, 0xFE, 0x00, 0x00, 0x00, 0x07, 0xFE, 0x00, 0x00, 0x00, 0x07, 0xFE, 0x00,
    0x00, 0x00, 0x07, 0xFE, 0x00, 0x00, 0x00, 0x07, 0xFE, 0x00, 0x00, 0x00, 0x07, 0xFE, 0x00, 0x00,
    0x00, 0x07, 0xFE, 0x00, 0x00, 0x00, 0x07, 0xFE, 0x00, 0x00, 0x00, 0x07, 0xFE, 0x00, 0x00, 0x00,
    0x07, 0xFE, 0x00, 0x00, 0x00, 0x07, 0xFE, 0x00, 0x00, 0x00, 0x07, 0xFE, 0x00, 0x00, 0x00, 0x07,
    0xFE, 0x00, 0x3F, 0xFC, 0x07, 0xFE, 0x00, 0x7F, 0xF8, 0x07, 0xFE, 0x00, 0xFF, 0xF0, 0x07, 0xFE,
    0x01, 0xFF, 0xE0, 0x07, 0xFE, 0x03, 0xFF, 0xC0, 0x07, 0xFE, 0x07, 0xFF, 0x80, 0x07, 0xFE, 0x0F,
    0xFF, 0x00, 0x07, 0xFE, 0x1F, 0xFE, 0x00, 0x07, 0xFE, 0x3F, 0xFC, 0x00, 0x07, 0xFE, 0x7F, 0xF8,
    0x00, 0x07, 0xFE, 0xFF, 0xF0, 0x00, 0x07, 0xFF, 0xFF, 0xE0, 0x00, 0x07, 0xFF, 0xFF, 0xC0, 0x00,
    0x07, 0xFF, 0xFF, 0x00, 0x00, 0x07, 0xFF, 0xFE, 0x00, 0x00, 0x07, 0xFF, 0xFF, 0x00, 0x00, 0x07,
    0xFF, 0xFF, 0x80, 0x00, 0x07, 0xFF, 0xFF, 0xC0, 0x00, 0x07, 0xFF, 0xFF, 0xE0, 0x00, 0x07, 0xFE,
    0xFF, 0xF0, 0x00, 0x07, 0xFE, 0x7F, 0xF8, 0x00, 0x07, 0xFE, 0x3F, 0xFC, 0x00, 0x07, 0xFE, 0x1F,
    0xFE, 0x00, 0x07, 0xFE, 0x0F, 0xFF, 0x00, 0x07, 0xFE, 0x0F, 0xFF, 0x80, 0x07, 0xFE, 0x07, 0xFF,
    0xC0, 0x07, 0xFE, 0x03, 0xFF, 0xE0, 0x07, 0xFE, 0x01, 0xFF, 0xF0, 0x07, 0xFE, 0x00, 0xFF, 0xF8,
    0x07, 0xFE, 0x00, 0x7F, 0xFC, 0x07, 0xFE, 0x00, 0x3F, 0xFE, 0x07, 0xFE, 0x00, 0x1F, 0xFF, 0x07,
    0xFE, 0x00, 0x7F, 0xE0, 0x07, 0xFE, 0x00, 0x7F, 0xE0, 0x07, 0xFE, 0x00, 0x7F, 0xE0, 0x07, 0xFE,
    0x00, 0x7F, 0xE0, 0x07, 0xFE, 0x00, 0x7F, 0xE0, 0x07, 0xFE, 0x00, 0x7F, 0xE0, 0x07, 0xFE, 0x00,
    0x7F, 0xE0, 0x07, 0xFE, 0x00, 0x7F, 0xE0, 0x07, 0xFE, 0x00, 0x7F, 0xE0, 0x07, 0xFE, 0x00, 0x7F,
    0xE0, 0x07, 0xFE, 0x00, 0x7F, 0xE0, 0x07, 0xFE, 0x00, 0x7F, 0xE0, 0x07, 0xFE, 0x00, 0x7F, 0xE0,
    0x07, 0xFE, 0x00, 0x7F, 0xE0, 0x07, 0xFE, 0x00, 0x7F, 0xE0, 0x07, 0xFE, 0x00, 0x7F, 0xE0, 0x07,
    0xFE, 0x00, 0x7F, 0xE0, 0x07, 0xFE, 0x00, 0x7F, 0xE0, 0x07, 0xFE, 0x00, 0x7F, 0xE0, 0x07, 0xFE,
    0x00, 0x7F, 0xE0, 0x07, 0xFE, 0x00, 0x7F, 0xE0, 0x07, 0xFE, 0x00, 0x7F, 0xE0, 0x00, 0x00, 0x07,
    0xF0, 0x00, 0x7F, 0x00, 0x00, 0x7F, 0xE1, 0xFF, 0xC0, 0x3F, 0xFC, 0x00, 0x07, 0xFE, 0x7F, 0xFE,
    0x07, 0xFF, 0xE0, 0x00, 0x7F, 0xEF, 0xFF, 0xF0, 0xFF, 0xFF, 0x00, 0x07, 0xFF, 0xFF, 0xFF, 0x9F,
    0xFF, 0xF8, 0x00, 0x7F, 0xFF, 0xFF, 0xFF, 0xFF, 0xFF, 0x80, 0x07, 0xFF, 0xFF, 0xFF, 0xFF, 0xFF,
    0xFC, 0x00, 0x7F, 0xFF, 0xFF, 0xFF, 0xFF, 0xFF, 0xC0, 0x07, 0xFF, 0xE1, 0xFF, 0xFE, 0x1F, 0xFC,
    0x00, 0x7F, 0xF8, 0x0F, 0xFF, 0x80, 0xFF, 0xE0, 0x07, 0xFF, 0x80, 0xFF, 0xF8, 0x07, 0xFE, 0x00,
    0x7F, 0xF0, 0x07, 0xFF, 0x00, 0x7F, 0xE0, 0x07, 0xFF, 0x00, 0x7F, 0xF0, 0x07, 0xFE, 0x00, 0x7F,
    0xE0, 0x07, 0xFE, 0x00, 0x7F, 0xE0, 0x07, 0xFE, 0x00, 0x7F, 0xE0, 0x07, 0xFE, 0x00, 0x7F, 0xE0,
    0x07, 0xFE, 0x00, 0x7F, 0xE0, 0x07, 0xFE, 0x00, 0x7F, 0xE0, 0x07, 0xFE, 0x00, 0x7F, 0xE0, 0x07,
    0xFE, 0x00, 0x7F, 0xE0, 0x07, 0xFE, 0x00, 0x7F, 0xE0, 0x07, 0xFE, 0x00, 0x7F, 0xE0, 0x07, 0xFE,
    0x00, 0x7F, 0xE0, 0x07, 0xFE, 0x00, 0x7F, 0xE0, 0x07, 0xFE, 0x00, 0x7F, 0xE0, 0x07, 0xFE, 0x00,
    0x7F, 0xE0, 0x07, 0xFE, 0x00, 0x7F, 0xE0, 0x07, 0xFE, 0x00, 0x7F, 0xE0, 0x07, 0xFE, 0x00, 0x7F,
    0xE0, 0x07, 0xFE, 0x00, 0x7F, 0xE0, 0x07, 0xFE, 0x00, 0x7F, 0xE0, 0x07, 0xFE, 0x00, 0x7F, 0xE0,
    0x07, 0xFE, 0x00, 0x7F, 0xE0, 0x07, 0xFE, 0x00, 0x7F, 0xE0, 0x07, 0xFE, 0x00, 0x7F, 0xE0, 0x07,
    0xFE, 0x00, 0x7F, 0xE0, 0x07, 0xFE, 0x00, 0x7F, 0xE0, 0x07, 0xFE, 0x00, 0x7F, 0xE0, 0x07, 0xFE,
    0x00, 0x7F, 0xE0, 0x07, 0xFE, 0x00, 0x7F, 0xE0, 0x07, 0xFE, 0x00, 0x7F, 0xE0, 0x07, 0xFE, 0x00,
    0x7F, 0xE0, 0x07, 0xFE, 0x00, 0x00, 0x00, 0x03, 0xFC, 0x00, 0x03, 0xFF, 0x0F, 0xFF, 0x80, 0x01,
    0xFF, 0x8F, 0xFF, 0xE0, 0x00, 0xFF, 0xCF, 0xFF, 0xF8, 0x00, 0x7F, 0xFF, 0xFF, 0xFE, 0x00, 0x3F,
    0xFF, 0xFF, 0xFF, 0x00, 0x1F, 0xFF, 0xFF, 0xFF, 0xC0, 0x0F, 0xFF, 0xFF, 0xFF, 0xE0, 0x07, 0xFF,
    0xE0, 0xFF, 0xF0, 0x03, 0xFF, 0xE0, 0x1F, 0xFC, 0x01, 0xFF, 0xE0, 0x0F, 0xFE, 0x00, 0xFF, 0xE0,
    0x03, 0xFF, 0x00, 0x7F, 0xF0, 0x01, 0xFF, 0x80, 0x3F, 0xF0, 0x00, 0xFF, 0xC0, 0x1F, 0xF8, 0x00,
    0x7F, 0xE0, 0x0F, 0xFC, 0x00, 0x3F, 0xF0, 0x07, 0xFE, 0x00, 0x1F, 0xF8, 0x03, 0xFF, 0x00, 0x0F,
    0xFC, 0x01, 0xFF, 0x80, 0x07, 0xFE, 0x00, 0xFF, 0xC0, 0x03, 0xFF, 0x00, 0x7F, 0xE0, 0x01, 0xFF,
    0x80, 0x3F, 0xF0, 0x00, 0xFF, 0xC0, 0x1F, 0xF8, 0x00, 0x7F, 0xE0, 0x0F, 0xFC, 0x00, 0x3F, 0xF0,
    0x07, 0xFE, 0x00, 0x1F, 0xF8, 0x03, 0xFF, 0x00, 0x0F, 0xFC, 0x01, 0xFF, 0x80, 0x07, 0xFE, 0x00,
    0xFF, 0xC0, 0x03, 0xFF, 0x00, 0x7F, 0xE0, 0x01, 0xFF, 0x80, 0x3F, 0xF0, 0x00, 0xFF, 0xC0, 0x1F,
    0xF8, 0x00, 0x7F, 0xE0, 0x0F, 0xFC, 0x00, 0x3F, 0xF0, 0x07, 0xFE, 0x00, 0x1F, 0xF8, 0x00, 0x00,
    0x00, 0xFF, 0xC0, 0x00, 0x00, 0x0F, 0xFF, 0xF8, 0x00, 0x00, 0x3F, 0xFF, 0xFE, 0x00, 0x00, 0x7F,
    0xFF, 0xFF, 0x00, 0x00, 0xFF, 0xFF, 0xFF, 0x80, 0x01, 0xFF, 0xFF, 0xFF, 0xC0, 0x03, 0xFF, 0xFF,
    0xFF, 0xE0, 0x07, 0xFF, 0xC1, 0xFF, 0xF0, 0x07, 0xFF, 0x80, 0xFF, 0xF0, 0x0F, 0xFF, 0x00, 0x7F,
    0xF8, 0x0F, 0xFE, 0x00, 0x3F, 0xF8, 0x0F, 0xFE, 0x00, 0x3F, 0xF8, 0x1F, 0xFC, 0x00, 0x3F, 0xFC,
    0x1F, 0xFC, 0x00, 0x1F, 0xFC, 0x1F, 0xFC, 0x00, 0x1F, 0xFC, 0x1F, 0xFC, 0x00, 0x1F, 0xFC, 0x1F,
    0xFC, 0x00, 0x1F, 0xFC, 0x1F, 0xFC, 0x00, 0x1F, 0xFC, 0x1F, 0xFC, 0x00, 0x1F, 0xFC, 0x1F, 0xFC,
    0x00, 0x1F, 0xFC, 0x1F, 0xFC, 0x00, 0x1F, 0xFC, 0x1F, 0xFC, 0x00, 0x1F, 0xFC, 0x0F, 0xFE, 0x00,
    0x3F, 0xF8, 0x0F, 0xFE, 0x00, 0x3F, 0xF8, 0x0F, 0xFF, 0x00, 0x7F, 0xF8, 0x07, 0xFF, 0x80, 0xFF,
    0xF0, 0x07, 0xFF, 0xC1, 0xFF, 0xF0, 0x03, 0xFF, 0xFF, 0xFF, 0xE0, 0x01, 0xFF, 0xFF, 0xFF, 0xC0,
    0x00, 0xFF, 0xFF, 0xFF, 0x80, 0x00, 0x7F, 0xFF, 0xFF, 0x00, 0x00, 0x3F, 0xFF, 0xFE, 0x00, 0x00,
    0x0F, 0xFF, 0xF8, 0x00, 0x00, 0x01, 0xFF, 0xC0, 0x00, 0x00, 0x00, 0x03, 0xF8, 0x00, 0x01, 0xFF,
    0x87, 0xFF, 0x80, 0x00, 0x7F, 0xE3, 0xFF, 0xF8, 0x00, 0x1F, 0xFB, 0xFF, 0xFF, 0x00, 0x07, 0xFF,
    0xFF, 0xFF, 0xE0, 0x01, 0xFF, 0xFF, 0xFF, 0xFC, 0x00, 0x7F, 0xFF, 0xFF, 0xFF, 0x00, 0x1F, 0xFF,
    0x83, 0xFF, 0xE0, 0x07, 0xFF, 0xC0, 0x7F, 0xF8, 0x01, 0xFF, 0xE0, 0x0F, 0xFF, 0x00, 0x7F, 0xF0,
    0x01, 0xFF, 0xC0, 0x1F, 0xFC, 0x00, 0x7F, 0xF0, 0x07, 0xFE, 0x00, 0x0F, 0xFE, 0x01, 0xFF, 0x80,
    0x03, 0xFF, 0x80, 0x7F, 0xE0, 0x00, 0xFF, 0xE0, 0x1F, 0xF8, 0x00, 0x3F, 0xF8, 0x07, 0xFE, 0x00,
    0x0F, 0xFE, 0x01, 0xFF, 0x80, 0x03, 0xFF, 0x80, 0x7F, 0xE0, 0x00, 0xFF, 0xE0, 0x1F, 0xF8, 0x00,
    0x3F, 0xF8, 0x07, 0xFE, 0x00, 0x0F, 0xFE, 0x01, 0xFF, 0x80, 0x03, 0xFF, 0x80, 0x7F, 0xF0, 0x01,
    0xFF, 0xC0, 0x1F, 0xFC, 0x00, 0x7F, 0xF0, 0x07, 0xFF, 0x80, 0x3F, 0xFC, 0x01, 0xFF, 0xF0, 0x1F,
    0xFE, 0x00, 0x7F, 0xFE, 0x0F, 0xFF, 0x80, 0x1F, 0xFF, 0xFF, 0xFF, 0xC0, 0x07, 0xFF, 0xFF, 0xFF,
    0xF0, 0x01, 0xFF, 0xFF, 0xFF, 0xF8, 0x00, 0x7F, 0xEF, 0xFF, 0xFC, 0x00, 0x1F, 0xF8, 0xFF, 0xFE,
    0x00, 0x07, 0xFE, 0x1F, 0xFE, 0x00, 0x01, 0xFF, 0x80, 0xFE, 0x00, 0x00, 0x7F, 0xE0, 0x00, 0x00,
    0x00, 0x1F, 0xF8, 0x00, 0x00, 0x00, 0x07, 0xFE, 0x00, 0x00, 0x00, 0x01, 0xFF, 0x80, 0x00, 0x00,
    0x00, 0x7F, 0xE0, 0x00, 0x00, 0x00, 0x1F, 0xF8, 0x00, 0x00, 0x00, 0x07, 0xFE, 0x00, 0x00, 0x00,
    0x01, 0xFF, 0x80, 0x00, 0x00, 0x00, 0x7F, 0xE0, 0x00, 0x00, 0x00, 0x1F, 0xF8, 0x00, 0x00, 0x00,
    0x07, 0xFE, 0x00, 0x00, 0x00, 0x00, 0x00, 0x07, 0xF8, 0x00, 0x00, 0x00, 0x0F, 0xFF, 0x87, 0xFE,
    0x00, 0x07, 0xFF, 0xF1, 0xFF, 0x80, 0x03, 0xFF, 0xFF, 0x7F, 0xE0, 0x01, 0xFF, 0xFF, 0xFF, 0xF8,
    0x00, 0xFF, 0xFF, 0xFF, 0xFE, 0x00, 0x3F, 0xFF, 0xFF, 0xFF, 0x80, 0x1F, 0xFF, 0x07, 0xFF, 0xE0,
    0x07, 0xFF, 0x80, 0xFF, 0xF8, 0x03, 0xFF, 0xC0, 0x1F, 0xFE, 0x00, 0xFF, 0xE0, 0x03, 0xFF, 0x80,
    0x3F, 0xF8, 0x00, 0xFF, 0xE0, 0x1F, 0xFC, 0x00, 0x1F, 0xF8, 0x07, 0xFF, 0x00, 0x07, 0xFE, 0x01,
    0xFF, 0xC0, 0x01, 0xFF, 0x80, 0x7F, 0xF0, 0x00, 0x7F, 0xE0, 0x1F, 0xFC, 0x00, 0x1F, 0xF8, 0x07,
    0xFF, 0x00, 0x07, 0xFE, 0x01, 0xFF, 0xC0, 0x01, 0xFF, 0x80, 0x7F, 0xF0, 0x00, 0x7F, 0xE0, 0x1F,
    0xFC, 0x00, 0x1F, 0xF8, 0x07, 0xFF, 0x00, 0x07, 0xFE, 0x00, 0xFF, 0xE0, 0x03, 0xFF, 0x80, 0x3F,
    0xF8, 0x00, 0xFF, 0xE0, 0x0F, 0xFF, 0x00, 0x7F, 0xF8, 0x01, 0xFF, 0xE0, 0x3F, 0xFE, 0x00, 0x7F,
    0xFC, 0x1F, 0xFF, 0x80, 0x0F, 0xFF, 0xFF, 0xFF, 0xE0, 0x03, 0xFF, 0xFF, 0xFF, 0xF8, 0x00, 0x7F,
    0xFF, 0xFF, 0xFE, 0x00, 0x0F, 0xFF, 0xFD, 0xFF, 0x80, 0x01, 0xFF, 0xFE, 0x7F, 0xE0, 0x00, 0x3F,
    0xFE, 0x1F, 0xF8, 0x00, 0x01, 0xFC, 0x07, 0xFE, 0x00, 0x00, 0x00, 0x01, 0xFF, 0x80, 0x00, 0x00,
    0x00, 0x7F, 0xE0, 0x00, 0x00, 0x00, 0x1F, 0xF8, 0x00, 0x00, 0x00, 0x07, 0xFE, 0x00, 0x00, 0x00,
    0x01, 0xFF, 0x80, 0x00, 0x00, 0x00, 0x7F, 0xE0, 0x00, 0x00, 0x00, 0x1F, 0xF8, 0x00, 0x00, 0x00,
    0x07, 0xFE, 0x00, 0x00, 0x00, 0x01, 0xFF, 0x80, 0x00, 0x00, 0x00, 0x7F, 0xE0, 0x00, 0x00, 0x00,
    0x1F, 0xF8, 0x00, 0x00, 0x00, 0x03, 0xF8, 0x3F, 0xF0, 0x7F, 0xC1, 0xFF, 0x8F, 0xFE, 0x0F, 0xFC,
    0xFF, 0xF0, 0x7F, 0xEF, 0xFF, 0x83, 0xFF, 0xFF, 0xFC, 0x1F, 0xFF, 0xFF, 0xE0, 0xFF, 0xFF, 0xFF,
    0x07, 0xFF, 0xF0, 0x18, 0x3F, 0xFE, 0x00, 0x01, 0xFF, 0xE0, 0x00, 0x0F, 0xFE, 0x00, 0x00, 0x7F,
    0xF0, 0x00, 0x03, 0xFF, 0x80, 0x00, 0x1F, 0xF8, 0x00, 0x00, 0xFF, 0xC0, 0x00, 0x07, 0xFE, 0x00,
    0x00, 0x3F, 0xF0, 0x00, 0x01, 0xFF, 0x80, 0x00, 0x0F, 0xFC, 0x00, 0x00, 0x7F, 0xE0, 0x00, 0x03,
    0xFF, 0x00, 0x00, 0x1F, 0xF8, 0x00, 0x00, 0xFF, 0xC0, 0x00, 0x07, 0xFE, 0x00, 0x00, 0x3F, 0xF0,
    0x00, 0x01, 0xFF, 0x80, 0x00, 0x0F, 0xFC, 0x00, 0x00, 0x7F, 0xE0, 0x00, 0x03, 0xFF, 0x00, 0x00,
    0x1F, 0xF8, 0x00, 0x00, 0xFF, 0xC0, 0x00, 0x07, 0xFE, 0x00, 0x00, 0x00, 0x1F, 0xFE, 0x00, 0x00,
    0x1F, 0xFF, 0xFE, 0x00, 0x0F, 0xFF, 0xFF, 0xF0, 0x03, 0xFF, 0xFF, 0xFE, 0x00, 0x7F, 0xFF, 0xFF,
    0xC0, 0x1F, 0xFF, 0xFF, 0xF8, 0x03, 0xFF, 0xFF, 0xFF, 0x00, 0xFF, 0xE0, 0x1F, 0xE0, 0x1F, 0xF0,
    0x00, 0x3C, 0x03, 0xFE, 0x00, 0x00, 0x80, 0x7F, 0xC0, 0x00, 0x00, 0x0F, 0xFC, 0x00, 0x00, 0x01,
    0xFF, 0xC0, 0x00, 0x00, 0x3F, 0xFF, 0xF0, 0x00, 0x03, 0xFF, 0xFF, 0xE0, 0x00, 0x7F, 0xFF, 0xFF,
    0x80, 0x07, 0xFF, 0xFF, 0xF8, 0x00, 0x7F, 0xFF, 0xFF, 0x80, 0x03, 0xFF, 0xFF, 0xF8, 0x00, 0x0F,
    0xFF, 0xFF, 0x00, 0x00, 0x0F, 0xFF, 0xF0, 0x00, 0x00, 0x0F, 0xFE, 0x00, 0x00, 0x00, 0x7F, 0xC0,
    0x00, 0x00, 0x0F, 0xF8, 0x10, 0x00, 0x01, 0xFF, 0x03, 0xC0, 0x00, 0x7F, 0xE0, 0x7F, 0x80, 0x1F,
    0xFC, 0x0F, 0xFF, 0xFF, 0xFF, 0x01, 0xFF, 0xFF, 0xFF, 0xE0, 0x3F, 0xFF, 0xFF, 0xF8, 0x07, 0xFF,
    0xFF, 0xFE, 0x00, 0xFF, 0xFF, 0xFF, 0x80, 0x07, 0xFF, 0xFF, 0xC0, 0x00, 0x07, 0xFF, 0xC0, 0x00,
    0x03, 0xFF, 0x00, 0x00, 0x3F, 0xF0, 0x00, 0x03, 0xFF, 0x00, 0x00, 0x3F, 0xF0, 0x00, 0x03, 0xFF,
    0x00, 0x00, 0x3F, 0xF0, 0x00, 0x03, 0xFF, 0x00, 0x00, 0x3F, 0xF0, 0x00, 0x03, 0xFF, 0x00, 0x07,
    0xFF, 0xFF, 0xFC, 0x7F, 0xFF, 0xFF, 0xC7, 0xFF, 0xFF, 0xFC, 0x7F, 0xFF, 0xFF, 0xC7, 0xFF, 0xFF,
    0xFC, 0x7F, 0xFF, 0xFF, 0xC7, 0xFF, 0xFF, 0xFC, 0x03, 0xFF, 0x00, 0x00, 0x3F, 0xF0, 0x00, 0x03,
    0xFF, 0x00, 0x00, 0x3F, 0xF0, 0x00, 0x03, 0xFF, 0x00, 0x00, 0x3F, 0xF0, 0x00, 0x03, 0xFF, 0x00,
    0x00, 0x3F, 0xF0, 0x00, 0x03, 0xFF, 0x00, 0x00, 0x3F, 0xF0, 0x00, 0x03, 0xFF, 0x00, 0x00, 0x3F,
    0xF0, 0x00, 0x03, 0xFF, 0x00, 0x00, 0x3F, 0xF0, 0x00, 0x03, 0xFF, 0x00, 0x00, 0x3F, 0xF0, 0x00,
    0x03, 0xFF, 0x00, 0x00, 0x3F, 0xF8, 0x00, 0x03, 0xFF, 0xFF, 0xC0, 0x1F, 0xFF, 0xFC, 0x01, 0xFF,
    0xFF, 0xC0, 0x0F, 0xFF, 0xFC, 0x00, 0xFF, 0xFF, 0xC0, 0x03, 0xFF, 0xFC, 0x00, 0x0F, 0xFF, 0xC0,
    0x07, 0xFE, 0x00, 0x1F, 0xF8, 0x03, 0xFF, 0x00, 0x0F, 0xFC, 0x01, 0xFF, 0x80, 0x07, 0xFE, 0x00,
    0xFF, 0xC0, 0x03, 0xFF, 0x00, 0x7F, 0xE0, 0x01, 0xFF, 0x80, 0x3F, 0xF0, 0x00, 0xFF, 0xC0, 0x1F,
    0xF8, 0x00, 0x7F, 0xE0, 0x0F, 0xFC, 0x00, 0x3F, 0xF0, 0x07, 0xFE, 0x00, 0x1F, 0xF8, 0x03, 0xFF,
    0x00, 0x0F, 0xFC, 0x01, 0xFF, 0x80, 0x07, 0xFE, 0x00, 0xFF, 0xC0, 0x03, 0xFF, 0x00, 0x7F, 0xE0,
    0x01, 0xFF, 0x80, 0x3F, 0xF0, 0x00, 0xFF, 0xC0, 0x1F, 0xF8, 0x00, 0x7F, 0xE0, 0x0F, 0xFC, 0x00,
    0x3F, 0xF0, 0x07, 0xFE, 0x00, 0x1F, 0xF8, 0x03, 0xFF, 0x00, 0x0F, 0xFC, 0x01, 0xFF, 0x80, 0x07,
    0xFE, 0x00, 0xFF, 0xC0, 0x03, 0xFF, 0x00, 0x7F, 0xE0, 0x03, 0xFF, 0x80, 0x3F, 0xF0, 0x01, 0xFF,
    0xC0, 0x1F, 0xFC, 0x01, 0xFF, 0xE0, 0x0F, 0xFE, 0x01, 0xFF, 0xF0, 0x07, 0xFF, 0xC1, 0xFF, 0xF8,
    0x01, 0xFF, 0xFF, 0xFF, 0xFC, 0x00, 0xFF, 0xFF, 0xFF, 0xFE, 0x00, 0x3F, 0xFF, 0xFF, 0xFF, 0x00,
    0x1F, 0xFF, 0xFF, 0xFF, 0x80, 0x07, 0xFF, 0xFC, 0xFF, 0xC0, 0x01, 0xFF, 0xFC, 0x7F, 0xE0, 0x00,
    0x7F, 0xFC, 0x3F, 0xF0, 0x00, 0x0F, 0xF0, 0x00, 0x00, 0x00, 0x7F, 0xE0, 0x00, 0x1F, 0xF8, 0xFF,
    0xC0, 0x00, 0xFF, 0xC3, 0xFF, 0x00, 0x03, 0xFF, 0x0F, 0xFC, 0x00, 0x0F, 0xFC, 0x1F, 0xF8, 0x00,
    0x7F, 0xE0, 0x7F, 0xE0, 0x01, 0xFF, 0x80, 0xFF, 0x80, 0x07, 0xFC, 0x03, 0xFF, 0x00, 0x3F, 0xF0,
    0x0F, 0xFC, 0x00, 0xFF, 0xC0, 0x1F, 0xF8, 0x07, 0xFE, 0x00, 0x7F, 0xE0, 0x1F, 0xF8, 0x01, 0xFF,
    0x80, 0x7F, 0xE0, 0x03, 0xFF, 0x03, 0xFF, 0x00, 0x0F, 0xFC, 0x0F, 0xFC, 0x00, 0x1F, 0xF0, 0x3F,
    0xE0, 0x00, 0x7F, 0xE1, 0xFF, 0x80, 0x01, 0xFF, 0x87, 0xFE, 0x00, 0x03, 0xFE, 0x1F, 0xF0, 0x00,
    0x0F, 0xFC, 0xFF, 0xC0, 0x00, 0x1F, 0xF3, 0xFE, 0x00, 0x00, 0x7F, 0xCF, 0xF8, 0x00, 0x01, 0xFF,
    0xFF, 0xE0, 0x00, 0x03, 0xFF, 0xFF, 0x00, 0x00, 0x0F, 0xFF, 0xFC, 0x00, 0x00, 0x1F, 0xFF, 0xE0,
    0x00, 0x00, 0x7F, 0xFF, 0x80, 0x00, 0x01, 0xFF, 0xFE, 0x00, 0x00, 0x03, 0xFF, 0xF0, 0x00, 0x00,
    0x0F, 0xFF, 0xC0, 0x00, 0x00, 0x3F, 0xFF, 0x00, 0x00, 0x00, 0x7F, 0xF8, 0x00, 0x00, 0x01, 0xFF,
    0xE0, 0x00, 0x3F, 0xF0, 0x01, 0xFE, 0x00, 0x3F, 0xF0, 0xFF, 0xC0, 0x0F, 0xFC, 0x00, 0xFF, 0xC1,
    0xFF, 0x80, 0x3F, 0xF0, 0x07, 0xFE, 0x07, 0xFE, 0x00, 0xFF, 0xC0, 0x1F, 0xF8, 0x1F, 0xF8, 0x03,
    0xFF, 0x00, 0x7F, 0xE0, 0x7F, 0xE0, 0x1F, 0xFE, 0x01, 0xFF, 0x80, 0xFF, 0xC0, 0x7F, 0xF8, 0x0F,
    0xFC, 0x03, 0xFF, 0x01, 0xFF, 0xE0, 0x3F, 0xF0, 0x0F, 0xFC, 0x07, 0xFF, 0x80, 0xFF, 0xC0, 0x1F,
    0xF0, 0x3F, 0xFF, 0x03, 0xFF, 0x00, 0x7F, 0xE0, 0xFF, 0xFC, 0x1F, 0xF8, 0x01, 0xFF, 0x83, 0xFF,
    0xF0, 0x7F, 0xE0, 0x07, 0xFE, 0x0F, 0xCF, 0xC1, 0xFF, 0x80, 0x0F, 0xF8, 0x7F, 0x3F, 0x87, 0xFC,
    0x00, 0x3F, 0xE1, 0xFC, 0xFE, 0x3F, 0xF0, 0x00, 0xFF, 0xC7, 0xF3, 0xF8, 0xFF, 0xC0, 0x03, 0xFF,
    0x1F, 0x87, 0xE3, 0xFF, 0x00, 0x07, 0xFC, 0xFE, 0x1F, 0xCF, 0xF8, 0x00, 0x1F, 0xF3, 0xF8, 0x7F,
    0x7F, 0xE0, 0x00, 0x7F, 0xEF, 0xE1, 0xFD, 0xFF, 0x80, 0x01, 0xFF, 0xBF, 0x03, 0xF7, 0xFE, 0x00,
    0x03, 0xFF, 0xFC, 0x0F, 0xFF, 0xF0, 0x00, 0x0F, 0xFF, 0xF0, 0x3F, 0xFF, 0xC0, 0x00, 0x3F, 0xFF,
    0xC0, 0xFF, 0xFF, 0x00, 0x00, 0xFF, 0xFE, 0x01, 0xFF, 0xFC, 0x00, 0x01, 0xFF, 0xF8, 0x07, 0xFF,
    0xE0, 0x00, 0x07, 0xFF, 0xE0, 0x1F, 0xFF, 0x80, 0x00, 0x1F, 0xFF, 0x80, 0x7F, 0xFE, 0x00, 0x00,
    0x3F, 0xFC, 0x00, 0xFF, 0xF8, 0x00, 0x00, 0xFF, 0xF0, 0x03, 0xFF, 0xC0, 0x00, 0x03, 0xFF, 0xC0,
    0x0F, 0xFF, 0x00, 0x00, 0x0F, 0xFF, 0x00, 0x3F, 0xFC, 0x00, 0x3F, 0xF8, 0x00, 0x7F, 0xF0, 0xFF,
    0xE0, 0x07, 0xFF, 0x03, 0xFF, 0x00, 0x3F, 0xF0, 0x0F, 0xFC, 0x03, 0xFF, 0x00, 0x7F, 0xF0, 0x3F,
    0xF8, 0x01, 0xFF, 0x81, 0xFF, 0x80, 0x07, 0xFE, 0x1F, 0xF8, 0x00, 0x3F, 0xF9, 0xFF, 0xC0, 0x00,
    0xFF, 0xCF, 0xFC, 0x00, 0x03, 0xFF, 0xFF, 0xC0, 0x00, 0x0F, 0xFF, 0xFC, 0x00, 0x00, 0x7F, 0xFF,
    0xE0, 0x00, 0x01, 0xFF, 0xFE, 0x00, 0x00, 0x07, 0xFF, 0xE0, 0x00, 0x00, 0x3F, 0xFF, 0x00, 0x00,
    0x00, 0xFF, 0xF0, 0x00, 0x00, 0x07, 0xFF, 0x80, 0x00, 0x00, 0x7F, 0xFE, 0x00, 0x00, 0x07, 0xFF,
    0xF8, 0x00, 0x00, 0x7F, 0xFF, 0xE0, 0x00, 0x03, 0xFF, 0xFF, 0x00, 0x00, 0x3F, 0xFF, 0xFC, 0x00,
    0x03, 0xFF, 0xFF, 0xF0, 0x00, 0x3F, 0xF9, 0xFF, 0xC0, 0x01, 0xFF, 0x87, 0xFE, 0x00, 0x1F, 0xF8,
    0x1F, 0xF8, 0x01, 0xFF, 0xC0, 0xFF, 0xE0, 0x1F, 0xFC, 0x03, 0xFF, 0x80, 0xFF, 0xC0, 0x0F, 0xFC,
    0x0F, 0xFE, 0x00, 0x7F, 0xF0, 0xFF, 0xE0, 0x01, 0xFF, 0xCF, 0xFE, 0x00, 0x07, 0xFF, 0x7F, 0xE0,
    0x00, 0x1F, 0xF8, 0xFF, 0xC0, 0x00, 0xFF, 0xC3, 0xFF, 0x00, 0x03, 0xFF, 0x0F, 0xFE, 0x00, 0x0F,
    0xFC, 0x1F, 0xF8, 0x00, 0x7F, 0xE0, 0x7F, 0xE0, 0x01, 0xFF, 0x80, 0xFF, 0xC0, 0x07, 0xFE, 0x03,
    0xFF, 0x00, 0x3F, 0xF0, 0x07, 0xFC, 0x00, 0xFF, 0xC0, 0x1F, 0xF8, 0x03, 0xFE, 0x00, 0x7F, 0xE0,
    0x1F, 0xF8, 0x00, 0xFF, 0xC0, 0x7F, 0xE0, 0x03, 0xFF, 0x01, 0xFF, 0x00, 0x07, 0xFC, 0x0F, 0xFC,
    0x00, 0x1F, 0xF8, 0x3F, 0xF0, 0x00, 0x3F, 0xE0, 0xFF, 0x80, 0x00, 0xFF, 0xC7, 0xFE, 0x00, 0x03,
    0xFF, 0x1F, 0xF0, 0x00, 0x07, 0xFC, 0x7F, 0xC0, 0x00, 0x1F, 0xFB, 0xFF, 0x00, 0x00, 0x3F, 0xEF,
    0xF8, 0x00, 0x00, 0xFF, 0xFF, 0xE0, 0x00, 0x01, 0xFF, 0xFF, 0x00, 0x00, 0x07, 0xFF, 0xFC, 0x00,
    0x00, 0x1F, 0xFF, 0xF0, 0x00, 0x00, 0x3F, 0xFF, 0x80, 0x00, 0x00, 0xFF, 0xFE, 0x00, 0x00, 0x01,
    0xFF, 0xF8, 0x00, 0x00, 0x07, 0xFF, 0xC0, 0x00, 0x00, 0x0F, 0xFF, 0x00, 0x00, 0x00, 0x3F, 0xF8,
    0x00, 0x00, 0x00, 0xFF, 0xE0, 0x00, 0x00, 0x01, 0xFF, 0x80, 0x00, 0x00, 0x07, 0xFC, 0x00, 0x00,
    0x00, 0x1F, 0xF0, 0x00, 0x00, 0x00, 0xFF, 0xC0, 0x00, 0x00, 0x03, 0xFE, 0x00, 0x00, 0x00, 0x3F,
    0xF8, 0x00, 0x00, 0x3F, 0xFF, 0xC0, 0x00, 0x00, 0xFF, 0xFF, 0x00, 0x00, 0x03, 0xFF, 0xF8, 0x00,
    0x00, 0x0F, 0xFF, 0xC0, 0x00, 0x00, 0x3F, 0xFE, 0x00, 0x00, 0x00, 0xFF, 0xF0, 0x00, 0x00, 0x03,
    0xFF, 0x00, 0x00, 0x00, 0x0F, 0xFF, 0xFF, 0xFE, 0x03, 0xFF, 0xFF, 0xFF, 0x80, 0xFF, 0xFF, 0xFF,
    0xE0, 0x3F, 0xFF, 0xFF, 0xF8, 0x0F, 0xFF, 0xFF, 0xFE, 0x03, 0xFF, 0xFF, 0xFF, 0x80, 0xFF, 0xFF,
    0xFF, 0xE0, 0x00, 0x00, 0x7F, 0xF8, 0x00, 0x00, 0x3F, 0xFC, 0x00, 0x00, 0x1F, 0xFE, 0x00, 0x00,
    0x0F, 0xFF, 0x00, 0x00, 0x07, 0xFF, 0x80, 0x00, 0x03, 0xFF, 0xC0, 0x00, 0x00, 0xFF, 0xE0, 0x00,
    0x00, 0x7F, 0xF0, 0x00, 0x00, 0x3F, 0xF8, 0x00, 0x00, 0x1F, 0xFE, 0x00, 0x00, 0x0F, 0xFF, 0x00,
    0x00, 0x07, 0xFF, 0x80, 0x00, 0x03, 0xFF, 0xC0, 0x00, 0x01, 0xFF, 0xE0, 0x00, 0x00, 0xFF, 0xF0,
    0x00, 0x00, 0x7F, 0xF8, 0x00, 0x00, 0x3F, 0xFC, 0x00, 0x00, 0x1F, 0xFE, 0x00, 0x00, 0x07, 0xFF,
    0xFF, 0xFF, 0x81, 0xFF, 0xFF, 0xFF, 0xE0, 0x7F, 0xFF, 0xFF, 0xF8, 0x1F, 0xFF, 0xFF, 0xFE, 0x07,
    0xFF, 0xFF, 0xFF, 0x81, 0xFF, 0xFF, 0xFF, 0xE0, 0x7F, 0xFF, 0xFF, 0xF8, 0x00, 0x00, 0x01, 0xFF,
    0xC0, 0x00, 0x00, 0x07, 0xFF, 0xE0, 0x00, 0x00, 0x07, 0xFF, 0xF0, 0x00, 0x00, 0x07, 0xFF, 0xF8,
    0x00, 0x00, 0x07, 0xFF, 0xFC, 0x00, 0x00, 0x03, 0xFF, 0xFE, 0x00, 0x00, 0x03, 0xFF, 0xC0, 0x00,
    0x00, 0x01, 0xFF, 0xC0, 0x00, 0x00, 0x00, 0xFF, 0xC0, 0x00, 0x00, 0x00, 0x7F, 0xE0, 0x00, 0x00,
    0x00, 0x3F, 0xF0, 0x00, 0x00, 0x00, 0x1F, 0xF8, 0x00, 0x00, 0x00, 0x0F, 0xFC, 0x00, 0x00, 0x00,
    0x07, 0xFE, 0x00, 0x00, 0x00, 0x03, 0xFF, 0x00, 0x00, 0x00, 0x01, 0xFF, 0x80, 0x00, 0x00, 0x00,
    0xFF, 0xC0, 0x00, 0x00, 0x00, 0x7F, 0xE0, 0x00, 0x00, 0x00, 0x3F, 0xF0, 0x00, 0x00, 0x00, 0x1F,
    0xF8, 0x00, 0x00, 0x00, 0x1F, 0xFC, 0x00, 0x00, 0x00, 0x0F, 0xFE, 0x00, 0x00, 0x00, 0x0F, 0xFE,
    0x00, 0x00, 0x00, 0x1F, 0xFF, 0x00, 0x00, 0x01, 0xFF, 0xFF, 0x00, 0x00, 0x00, 0xFF, 0xFF, 0x00,
    0x00, 0x00, 0x7F, 0xFE, 0x00, 0x00, 0x00, 0x3F, 0xFF, 0x80, 0x00, 0x00, 0x1F, 0xFF, 0xF0, 0x00,
    0x00, 0x0F, 0xFF, 0xFC, 0x00, 0x00, 0x00, 0x3F, 0xFE, 0x00, 0x00, 0x00, 0x07, 0xFF, 0x00, 0x00,
    0x00, 0x01, 0xFF, 0xC0, 0x00, 0x00, 0x00, 0xFF, 0xE0, 0x00, 0x00, 0x00, 0x3F, 0xF0, 0x00, 0x00,
    0x00, 0x1F, 0xF8, 0x00, 0x00, 0x00, 0x0F, 0xFC, 0x00, 0x00, 0x00, 0x07, 0xFE, 0x00, 0x00, 0x00,
    0x03, 0xFF, 0x00, 0x00, 0x00, 0x01, 0xFF, 0x80, 0x00, 0x00, 0x00, 0xFF, 0xC0, 0x00, 0x00, 0x00,
    0x7F, 0xE0, 0x00, 0x00, 0x00, 0x3F, 0xF0, 0x00, 0x00, 0x00, 0x1F, 0xF8, 0x00, 0x00, 0x00, 0x0F,
    0xFC, 0x00, 0x00, 0x00, 0x07, 0xFF, 0x00, 0x00, 0x00, 0x03, 0xFF, 0x80, 0x00, 0x00, 0x01, 0xFF,
    0xE0, 0x00, 0x00, 0x00, 0x7F, 0xFF, 0xC0, 0x00, 0x00, 0x3F, 0xFF, 0xE0, 0x00, 0x00, 0x0F, 0xFF,
    0xF0, 0x00, 0x00, 0x03, 0xFF, 0xF8, 0x00, 0x00, 0x00, 0xFF, 0xFC, 0x00, 0x00, 0x00, 0x0F, 0xFE,
    0x00, 0x01, 0xFC, 0x00, 0x0F, 0xE0, 0x00, 0x7F, 0x00, 0x03, 0xF8, 0x00, 0x1F, 0xC0, 0x00, 0xFE,
    0x00, 0x07, 0xF0, 0x00, 0x3F, 0x80, 0x01, 0xFC, 0x00, 0x0F, 0xE0, 0x00, 0x7F, 0x00, 0x03, 0xF8,
    0x00, 0x1F, 0xC0, 0x00, 0xFE, 0x00, 0x07, 0xF0, 0x00, 0x3F, 0x80, 0x01, 0xFC, 0x00, 0x0F, 0xE0,
    0x00, 0x7F, 0x00, 0x03, 0xF8, 0x00, 0x1F, 0xC0, 0x00, 0xFE, 0x00, 0x07, 0xF0, 0x00, 0x3F, 0x80,
    0x01, 0xFC, 0x00, 0x0F, 0xE0, 0x00, 0x7F, 0x00, 0x03, 0xF8, 0x00, 0x1F, 0xC0, 0x00, 0xFE, 0x00,
    0x07, 0xF0, 0x00, 0x3F, 0x80, 0x01, 0xFC, 0x00, 0x0F, 0xE0, 0x00, 0x7F, 0x00, 0x03, 0xF8, 0x00,
    0x1F, 0xC0, 0x00, 0xFE, 0x00, 0x07, 0xF0, 0x00, 0x3F, 0x80, 0x01, 0xFC, 0x00, 0x0F, 0xE0, 0x00,
    0x7F, 0x00, 0x03, 0xF8, 0x00, 0x1F, 0xC0, 0x00, 0xFE, 0x00, 0x07, 0xF0, 0x00, 0x3F, 0x80, 0x01,
    0xFC, 0x00, 0x0F, 0xE0, 0x00, 0x7F, 0x00, 0x03, 0xF8, 0x00, 0x1F, 0xC0, 0x00, 0xFE, 0x00, 0x07,
    0xF0, 0x00, 0x3F, 0x80, 0x01, 0xFC, 0x00, 0x0F, 0xE0, 0x00, 0x00, 0xFF, 0xE0, 0x00, 0x00, 0x00,
    0x7F, 0xFE, 0x00, 0x00, 0x00, 0x3F, 0xFF, 0x80, 0x00, 0x00, 0x1F, 0xFF, 0xE0, 0x00, 0x00, 0x0F,
    0xFF, 0xF8, 0x00, 0x00, 0x07, 0xFF, 0xFC, 0x00, 0x00, 0x00, 0x0F, 0xFF, 0x00, 0x00, 0x00, 0x03,
    0xFF, 0x80, 0x00, 0x00, 0x01, 0xFF, 0xC0, 0x00, 0x00, 0x00, 0x7F, 0xE0, 0x00, 0x00, 0x00, 0x3F,
    0xF0, 0x00, 0x00, 0x00, 0x1F, 0xF8, 0x00, 0x00, 0x00, 0x0F, 0xFC, 0x00, 0x00, 0x00, 0x07, 0xFE,
    0x00, 0x00, 0x00, 0x03, 0xFF, 0x00, 0x00, 0x00, 0x01, 0xFF, 0x80, 0x00, 0x00, 0x00, 0xFF, 0xC0,
    0x00, 0x00, 0x00, 0x7F, 0xE0, 0x00, 0x00, 0x00, 0x3F, 0xF0, 0x00, 0x00, 0x00, 0x1F, 0xF8, 0x00,
    0x00, 0x00, 0x0F, 0xFE, 0x00, 0x00, 0x00, 0x07, 0xFF, 0x00, 0x00, 0x00, 0x01, 0xFF, 0xC0, 0x00,
    0x00, 0x00, 0xFF, 0xF8, 0x00, 0x00, 0x00, 0x3F, 0xFF, 0xE0, 0x00, 0x00, 0x0F, 0xFF, 0xF0, 0x00,
    0x00, 0x01, 0xFF, 0xF8, 0x00, 0x00, 0x01, 0xFF, 0xFC, 0x00, 0x00, 0x03, 0xFF, 0xFE, 0x00, 0x00,
    0x03, 0xFF, 0xFF, 0x00, 0x00, 0x01, 0xFF, 0xE0, 0x00, 0x00, 0x00, 0xFF, 0xE0, 0x00, 0x00, 0x00,
    0xFF, 0xE0, 0x00, 0x00, 0x00, 0x7F, 0xF0, 0x00, 0x00, 0x00, 0x3F, 0xF0, 0x00, 0x00, 0x00, 0x1F,
    0xF8, 0x00, 0x00, 0x00, 0x0F, 0xFC, 0x00, 0x00, 0x00, 0x07, 0xFE, 0x00, 0x00, 0x00, 0x03, 0xFF,
    0x00, 0x00, 0x00, 0x01, 0xFF, 0x80, 0x00, 0x00, 0x00, 0xFF, 0xC0, 0x00, 0x00, 0x00, 0x7F, 0xE0,
    0x00, 0x00, 0x00, 0x3F, 0xF0, 0x00, 0x00, 0x00, 0x1F, 0xF8, 0x00, 0x00, 0x00, 0x0F, 0xFC, 0x00,
    0x00, 0x00, 0x0F, 0xFE, 0x00, 0x00, 0x00, 0x07, 0xFF, 0x00, 0x00, 0x00, 0x07, 0xFF, 0x80, 0x00,
    0x00, 0xFF, 0xFF, 0x80, 0x00, 0x00, 0x7F, 0xFF, 0xC0, 0x00, 0x00, 0x3F, 0xFF, 0xC0, 0x00, 0x00,
    0x1F, 0xFF, 0xC0, 0x00, 0x00, 0x0F, 0xFF, 0xC0, 0x00, 0x00, 0x07, 0xFF, 0x00, 0x00, 0x00, 0x00,
    0x00, 0x00, 0x00, 0x00, 0x00, 0x00, 0x03, 0xF8, 0x00, 0x00, 0x20, 0x00, 0x0F, 0xFF, 0x80, 0x00,
    0x70, 0x00, 0x0F, 0xFF, 0xF8, 0x00, 0x78, 0x00, 0x1F, 0xFF, 0xFF, 0x81, 0xFC, 0x00, 0x1F, 0xFF,
    0xFF, 0xFF, 0xFE, 0x00, 0x0F, 0xFF, 0xFF, 0xFF, 0xFF, 0x00, 0x07, 0xFF, 0xFF, 0xFF, 0xFF, 0x80,
    0x03, 0xF8, 0x1F, 0xFF, 0xFF, 0x80, 0x01, 0xE0, 0x01, 0xFF, 0xFF, 0x00, 0x00, 0xE0, 0x00, 0x1F,
    0xFF, 0x00, 0x00, 0x40, 0x00, 0x01, 0xFC, 0x00, 0x00, 0x00, 0x00, 0x00, 0x00, 0x00, 0x00, 0x00,
    0x00, 0x00, 0x00, 0x00, 0x00, 0x00, 0x00, 0x00, 0x00, 0x00, 0x00, 0x00, 0x00, 0x00, 0x00, 0x00,
    0x00, 0x00, 0x00, 0x00, 0x00, 0x00, 0x00, 0x00, 0x00, 0x00, 0x00, 0x00, 0x00, 0x00, 0x00, 0x00,
    0x00, 0x00, 0x00, 0x00, 0x00, 0x00, 0x00, 0x00, 0x00, 0x00, 0x00, 0x00, 0x00, 0x00, 0x00, 0x00,
    0x00, 0x00, 0x00, 0x00, 0x00, 0x00, 0x00, 0x00, 0x00, 0x00, 0x00, 0x00, 0x00, 0x00, 0x00, 0x00,
    0x00, 0x00,
};

static const TiGlyph FontBigGlyphs[] TI_PROGMEM = {
    { 0, 0, 0, 20, 0, 0 },  // 'space'
    { 0, 26, 42, 26, 0, -42 },  // '!'
    { 137, 30, 42, 30, 0, -42 },  // '"'
    { 295, 49, 42, 49, 0, -42 },  // '#'
    { 553, 40, 53, 40, 0, -44 },  // '$'
    { 818, 58, 44, 58, 0, -43 },  // '%'
    { 1137, 51, 44, 51, 0, -43 },  // '&'
    { 1418, 18, 42, 18, 0, -42 },  // '''
    { 1513, 27, 52, 27, 0, -44 },  // '('
    { 1689, 27, 52, 27, 0, -44 },  // ')'
    { 1865, 30, 43, 30, 0, -43 },  // '*'
    { 2027, 49, 37, 49, 0, -37 },  // '+'
    { 2254, 22, 19, 22, 0, -11 },  // ','
    { 2307, 24, 21, 24, 0, -21 },  // '-'
    { 2370, 22, 11, 22, 0, -11 },  // '.'
    { 2401, 21, 48, 21, 0, -42 },  // '/'
    { 2527, 40, 44, 40, 0, -43 },  // '0'
    { 2747, 40, 42, 40, 0, -42 },  // '1'
    { 2957, 40, 43, 40, 0, -43 },  // '2'
    { 3172, 40, 44, 40, 0, -43 },  // '3'
    { 3392, 40, 42, 40, 0, -42 },  // '4'
    { 3602, 40, 43, 40, 0, -42 },  // '5'
    { 3817, 40, 44, 40, 0, -43 },  // '6'
    { 4037, 40, 42, 40, 0, -42 },  // '7'
    { 4247, 40, 44, 40, 0, -43 },  // '8'
    { 4467, 40, 44, 40, 0, -43 },  // '9'
    { 4687, 23, 32, 23, 0, -32 },  // ':'
    { 4779, 23, 40, 23, 0, -32 },  // ';'
    { 4894, 49, 35, 49, 0, -35 },  // '<'
    { 5109, 49, 28, 49, 0, -28 },  // '='
    { 5281, 49, 35, 49, 0, -35 },  // '>'
    { 5496, 34, 42, 34, 0, -42 },  // '?'
    { 5675, 58, 51, 58, 0, -41 },  // '@'
    { 6045, 45, 42, 45, 0, -42 },  // 'A'
    { 6282, 44, 42, 44, 0, -42 },  // 'B'
    { 6513, 43, 44, 43, 0, -43 },  // 'C'
    { 6750, 48, 42, 48, 0, -42 },  // 'D'
    { 7002, 40, 42, 40, 0, -42 },  // 'E'
    { 7212, 40, 42, 40, 0, -42 },  // 'F'
    { 7422, 48, 44, 48, 0, -43 },  // 'G'
    { 7686, 49, 42, 49, 0, -42 },  // 'H'
    { 7944, 22, 42, 22, 0, -42 },  // 'I'
    { 8060, 26, 54, 22, -4, -42 },  // 'J'
    { 8236, 46, 42, 45, 0, -42 },  // 'K'
    { 8478, 37, 42, 37, 0, -42 },  // 'L'
    { 8673, 58, 42, 58, 0, -42 },  // 'M'
    { 8978, 49, 42, 49, 0, -42 },  // 'N'
    { 9236, 49, 44, 49, 0, -43 },  // 'O'
    { 9506, 43, 42, 43, 0, -42 },  // 'P'
    { 9732, 49, 51, 49, 0, -43 },  // 'Q'
    { 10045, 45, 42, 45, 0, -42 },  // 'R'
    { 10282, 42, 44, 42, 0, -43 },  // 'S'
    { 10513, 40, 42, 40, 0, -42 },  // 'T'
    { 10723, 47, 43, 47, 0, -42 },  // 'U'
    { 10976, 45, 42, 45, 0, -42 },  // 'V'
    { 11213, 64, 42, 64, 0, -42 },  // 'W'
    { 11549, 45, 42, 45, 0, -42 },  // 'X'
    { 11786, 43, 42, 42, 0, -42 },  // 'Y'
    { 12012, 42, 42, 42, 0, -42 },  // 'Z'
    { 12233, 27, 52, 27, 0, -44 },  // '['
    { 12409, 21, 48, 21, 0, -42 },  // '\'
    { 12535, 27, 52, 27, 0, -44 },  // ']'
    { 12711, 49, 42, 49, 0, -42 },  // '^'
    { 12969, 29, 14, 29, 0, 0 },  // '_'
    { 13020, 29, 46, 29, 0, -46 },  // '`'
    { 13187, 39, 34, 39, 0, -33 },  // 'a'
    { 13353, 42, 45, 42, 0, -44 },  // 'b'
    { 13590, 34, 34, 34, 0, -33 },  // 'c'
    { 13735, 42, 45, 42, 0, -44 },  // 'd'
    { 13972, 39, 34, 39, 0, -33 },  // 'e'
    { 14138, 25, 44, 25, 0, -44 },  // 'f'
    { 14276, 42, 46, 42, 0, -33 },  // 'g'
    { 14518, 41, 44, 41, 0, -44 },  // 'h'
    { 14744, 20, 44, 20, 0, -44 },  // 'i'
    { 14854, 22, 57, 20, -2, -44 },  // 'j'
    { 15011, 40, 44, 39, 0, -44 },  // 'k'
    { 15231, 20, 44, 20, 0, -44 },  // 'l'
    { 15341, 60, 33, 60, 0, -33 },  // 'm'
    { 15589, 41, 33, 41, 0, -33 },  // 'n'
    { 15759, 40, 34, 40, 0, -33 },  // 'o'
    { 15929, 42, 45, 42, 0, -33 },  // 'p'
    { 16166, 42, 45, 42, 0, -33 },  // 'q'
    { 16403, 29, 33, 29, 0, -33 },  // 'r'
    { 16523, 35, 34, 35, 0, -33 },  // 's'
    { 16672, 28, 41, 28, 0, -41 },  // 't'
    { 16816, 41, 33, 41, 0, -32 },  // 'u'
    { 16986, 38, 32, 38, 0, -32 },  // 'v'
    { 17138, 54, 32, 54, 0, -32 },  // 'w'
    { 17354, 37, 32, 37, 0, -32 },  // 'x'
    { 17502, 38, 45, 38, 0, -32 },  // 'y'
    { 17716, 34, 32, 34, 0, -32 },  // 'z'
    { 17852, 41, 54, 41, 0, -44 },  // '{'
    { 18129, 21, 58, 21, 0, -44 },  // '|'
    { 18282, 41, 54, 41, 0, -44 },  // '}'
    { 18559, 49, 24, 49, 0, -24 },  // '~'
};

static const TiFont FontBig TI_PROGMEM = {
    FontBigBitmaps,
    FontBigGlyphs,
    0x20, 0x7E,
    68,  // line height
    54,  // ascent
};
